Time_s,Power_W,Phase
0.0,14.04288,Idle
0.006227165999916906,14.04288,Idle
0.008532495000508789,14.04288,Idle
0.010781275000226742,14.04288,Idle
0.01309918100014329,14.04288,Idle
0.015417630999763787,14.04288,Idle
0.017697230000521813,14.04288,Idle
0.020055298999977822,13.89024,Idle
0.022329585000079533,13.89024,Idle
0.02457443000002968,13.89024,Idle
0.026835786999981792,13.89024,Idle
0.029272517999743286,13.89024,Idle
0.031591863999892666,13.89024,Idle
0.033849285000542295,13.89024,Idle
0.03608481700030097,13.89024,Idle
0.038359967000360484,13.89024,Idle
0.040605900000628026,13.89024,Idle
0.04282808600055432,13.89024,Idle
0.04511885400006577,13.89024,Idle
0.04748012300024129,13.89024,Idle
0.04975594600000477,13.89024,Idle
0.051987157000439765,13.89024,Idle
0.05427472400060651,13.89024,Idle
0.05654033800055913,13.89024,Idle
0.05880329600040568,13.89024,Idle
0.06107265399987227,13.89024,Idle
0.06333884400009993,13.89024,Idle
0.06556992700006958,13.89024,Idle
0.06788428100026067,13.89024,Idle
0.07015824700010853,13.89024,Idle
0.0724235409998073,13.89024,Idle
0.07464643200000864,13.89024,Idle
0.0768988919999174,13.89024,Idle
0.07916927499991289,13.89024,Idle
0.081410791000053,13.89024,Idle
0.08362737700008438,13.89024,Idle
0.085860700000012,13.89024,Idle
0.08808871100063698,13.89024,Idle
0.09034043600058794,13.89024,Idle
0.09258092800064333,13.89024,Idle
0.09482660400044551,13.89024,Idle
0.0970449180003925,13.89024,Idle
0.09925990400006413,13.89024,Idle
0.10149386700049945,13.89024,Idle
0.10371874200063758,13.89024,Idle
0.10593622400028835,13.89024,Idle
0.1081511460006368,13.89024,Idle
0.11036581200005458,13.89024,Idle
0.1125797100003183,13.89024,Idle
0.11479338400022243,13.89024,Idle
0.11700737800038041,13.89024,Idle
0.11926297500031069,13.89024,Idle
0.1215254200005802,13.89024,Idle
0.12374050200014608,13.89024,Idle
0.12595683200015628,13.89024,Idle
0.1281862830001046,13.89024,Idle
0.13121845200021198,13.7376,Idle
0.13349430700054654,13.7376,Idle
0.1357268940000722,13.7376,Idle
0.13794888800021,13.7376,Idle
0.14017645100011578,13.7376,Idle
0.14239268500023172,13.7376,Idle
0.14460943100039003,13.7376,Idle
0.14682486499987135,13.7376,Idle
0.14904260399998748,13.7376,Idle
0.1512890800004243,13.7376,Idle
0.15353859700007888,13.7376,Idle
0.15575166200051171,13.7376,Idle
0.15796764000060648,13.7376,Idle
0.16017936200023541,13.7376,Idle
0.1623918519999279,13.7376,Idle
0.16461333400002331,13.7376,Idle
0.1668522899999516,13.7376,Idle
0.16906871599985607,13.7376,Idle
0.171281750000162,13.7376,Idle
0.17350912100027926,13.7376,Idle
0.17571975400005613,13.7376,Idle
0.177931635999812,13.7376,Idle
0.1801718400001846,13.7376,Idle
0.18242465300045296,13.7376,Idle
0.1846514480002952,13.7376,Idle
0.18686704199990345,13.7376,Idle
0.18908430000010412,13.7376,Idle
0.19130389400015702,13.7376,Idle
0.19353203300033783,13.7376,Idle
0.19574170699979732,13.7376,Idle
0.19797714200012706,13.7376,Idle
0.20020060900060344,13.7376,Idle
0.20241751499997918,13.7376,Idle
0.20463371700043353,13.7376,Idle
0.20684809500016854,13.7376,Idle
0.20907018500020058,13.7376,Idle
0.21131176500057336,13.7376,Idle
0.21353644800001348,13.7376,Idle
0.215769354999793,13.7376,Idle
0.2179873810000572,13.7376,Idle
0.22020489599981374,13.7376,Idle
0.22245354799997585,13.7376,Idle
0.224670614000388,13.7376,Idle
0.22688467199986917,13.7376,Idle
0.22910231400055636,13.7376,Idle
0.23133627800052636,13.7376,Idle
0.23355091200028255,13.7376,Idle
0.23576128900003823,13.7376,Idle
0.23797451500013267,13.58496,Idle
0.2402069740001025,13.58496,Idle
0.2424347289997968,13.58496,Idle
0.24465329899976496,13.58496,Idle
0.2468932150004548,13.58496,Idle
0.24911831400004303,13.58496,Idle
0.25133006800024305,13.58496,Idle
0.2535442859998511,13.58496,Idle
0.25575415100047394,13.58496,Idle
0.2579737770001884,13.58496,Idle
0.26021263700022246,13.58496,Idle
0.26245376899987605,13.58496,Idle
0.2646835080004166,13.58496,Idle
0.2668994860005114,13.58496,Idle
0.2691231130002052,13.58496,Idle
0.27132750600048894,13.58496,Idle
0.2735463640001399,13.58496,Idle
0.27575795800021297,13.58496,Idle
0.27797755200026586,13.58496,Idle
0.2802230050001526,13.58496,Idle
0.28244119100054377,13.58496,Idle
0.2846570729998348,13.58496,Idle
0.28687132300001394,13.58496,Idle
0.2890846770005737,13.58496,Idle
0.29129646199999115,13.58496,Idle
0.29352808900057425,13.58496,Idle
0.2957639090000157,13.58496,Idle
0.29797988700011047,13.58496,Idle
0.3002165710004192,13.58496,Idle
0.30244743000002927,13.58496,Idle
0.3046643360003145,13.58496,Idle
0.3068783300004725,13.58496,Idle
0.3090888670003551,13.58496,Idle
0.31134680100058176,13.58496,Idle
0.31356601100014814,13.58496,Idle
0.3157787569998618,13.58496,Idle
0.3179937750001045,13.58496,Idle
0.32020402400030434,13.58496,Idle
0.3224171860001661,13.58496,Idle
0.32463022000047204,13.58496,Idle
0.3268673190004847,13.58496,Idle
0.3291617029999543,13.590656,Idle
0.33141208400047617,13.590656,Idle
0.33363065400044434,13.590656,Idle
0.3358442959997774,13.590656,Idle
0.3380583859998296,13.590656,Idle
0.34026898800038907,13.590656,Idle
0.34250413500012655,13.590656,Idle
0.34474629099986487,13.590656,Idle
0.34696198100027686,13.590656,Idle
0.34917677500016,13.590656,Idle
0.3513865450004232,13.590656,Idle
0.3536009230001582,13.590656,Idle
0.35581245200046396,13.590656,Idle
0.3580302540003686,13.590656,Idle
0.36035308900045493,13.590656,Idle
0.36258577199987485,13.590656,Idle
0.3648022300003504,13.590656,Idle
0.36701648000052955,13.590656,Idle
0.3692314340005396,13.590656,Idle
0.3714432200004012,13.590656,Idle
0.37366419000045425,13.590656,Idle
0.37589303300046595,13.590656,Idle
0.3781109950004975,13.590656,Idle
0.3803226210002322,13.590656,Idle
0.38253639100003056,13.437952,Idle
0.3847500970005058,13.437952,Idle
0.38696287400034635,13.437952,Idle
0.38917440400018677,13.437952,Idle
0.391413520000242,13.437952,Idle
0.39364025099985156,13.437952,Idle
0.3958547570000519,13.437952,Idle
0.3984530679999807,13.437952,Idle
0.40070872900014365,13.437952,Idle
0.40292509099981544,13.437952,Idle
0.40514164500018524,13.437952,Idle
0.4074102350004978,13.437952,Idle
0.40965223100010917,13.437952,Idle
0.41186584099978063,13.437952,Idle
0.4140848910001296,13.437952,Idle
0.41633034300048166,13.437952,Idle
0.4185494570001538,13.437952,Idle
0.4207942370003366,13.437952,Idle
0.42304548199990677,13.437952,Idle
0.42528728600063914,13.437952,Idle
0.4275017910003953,13.437952,Idle
0.42971543300063786,13.437952,Idle
0.4319269620000341,13.437952,Idle
0.4341401239998959,13.437952,Idle
0.43635152600018046,13.437952,Idle
0.4385708320005506,13.437952,Idle
0.4408065870002247,13.437952,Idle
0.4430265649998546,13.437952,Idle
0.44524471900058415,13.437952,Idle
0.44745676100046694,13.437952,Idle
0.44967715500024497,13.437952,Idle
0.4519249430004493,13.437952,Idle
0.4541481209998892,13.437952,Idle
0.45640122199984035,13.437952,Idle
0.4586428660004458,13.437952,Idle
0.4612247280001611,13.437952,Idle
0.46344796999983373,13.437952,Idle
0.4656654840000556,13.437952,Idle
0.46787826200034033,13.437952,Idle
0.47009907200026646,13.437952,Idle
0.4723487800001749,13.437952,Idle
0.4745687900003759,13.437952,Idle
0.4767878729999211,13.437952,Idle
0.4790054830000372,13.437952,Idle
0.4812421340002402,13.437952,Idle
0.4834708810003576,13.437952,Idle
0.4856877550000718,13.437952,Idle
0.48792830999991565,13.437952,Idle
0.49015385700022307,13.437952,Idle
0.4950315430005503,13.437952,Idle
0.4973461199997473,13.437952,Idle
0.4995737150002242,13.437952,Idle
0.5017959650003831,13.437952,Idle
0.504045034000228,13.437952,Idle
0.5062690439999642,13.437952,Idle
0.508484861999932,13.437952,Idle
0.5107077840002603,13.437952,Idle
0.5129664530004447,13.437952,Idle
0.5151855029998842,13.437952,Idle
0.5174017690005712,13.437952,Idle
0.5196372050004356,13.437952,Idle
0.5218590390004465,13.437952,Idle
0.5240704719999485,13.437952,Idle
0.526287090000551,13.437952,Idle
0.5285015320005186,13.437952,Idle
0.5307129970005917,13.437952,Idle
0.5329437280006459,13.437952,Idle
0.5351785240000027,13.437952,Idle
0.5374091909998242,13.437952,Idle
0.5396244319999823,13.437952,Idle
0.5419411540005967,13.437952,Idle
0.5441677250000794,13.437952,Idle
0.5463858150005763,13.437952,Idle
0.5486015360002057,13.437952,Idle
0.5508215460004067,13.437952,Idle
0.5530602139997427,13.437952,Idle
0.5552821440005573,13.437952,Idle
0.5575465420006367,13.437952,Idle
0.5597624239999277,13.437952,Idle
0.5619785620001494,13.437952,Idle
0.5642000440002448,13.437952,Idle
0.5664191579999169,13.437952,Idle
0.5686515850002252,13.437952,Idle
0.5708739950005111,13.437952,Idle
0.5731175270002495,13.437952,Idle
0.5753357769999639,13.437952,Idle
0.5775534189997416,13.437952,Idle
0.5797665489999417,13.437952,Idle
0.5819981120002922,13.437952,Idle
0.5842364270001781,13.437952,Idle
0.5864520530003574,13.437952,Idle
0.5886646389999441,13.437952,Idle
0.590875847999996,13.437952,Idle
0.5930892980004501,13.437952,Idle
0.5953017550000368,13.437952,Idle
0.5975280060001751,13.437952,Idle
0.599768306000442,13.437952,Idle
0.6020218539997586,13.437952,Idle
0.6042458330002773,13.437952,Idle
0.6064620990000549,13.437952,Idle
0.6086764120000225,13.437952,Idle
0.6108897980002439,13.437952,Idle
0.6131037599998308,13.437952,Idle
0.6153667170001427,13.437952,Idle
0.6175983760003874,13.437952,Idle
0.6198191220000808,13.437952,Idle
0.6220685750004122,13.437952,Idle
0.6242832090001684,13.437952,Idle
0.626500498000496,13.437952,Idle
0.6287248290000207,13.285248,Idle
0.6309442310002851,13.285248,Idle
0.6331914110005528,13.285248,Idle
0.635406268999759,13.285248,Idle
0.6376214470001287,13.285248,Idle
0.6398317279999901,13.285248,Idle
0.6420445700005075,13.285248,Idle
0.644256387000496,13.285248,Idle
0.6464717569997447,13.285248,Idle
0.6487105850001171,13.285248,Idle
0.6509276830001909,13.285248,Idle
0.6531982570004402,13.285248,Idle
0.655422491000536,13.285248,Idle
0.657638405000398,13.285248,Idle
0.6599133950003306,13.285248,Idle
0.6622363890000997,13.285248,Idle
0.6645058430003701,13.285248,Idle
0.6667293740001696,13.285248,Idle
0.6689577040006043,13.285248,Idle
0.6711718579999797,13.285248,Idle
0.67338636400018,13.285248,Idle
0.6755990769997879,13.285248,Idle
0.6778135510003267,13.285248,Idle
0.6800514510005087,13.285248,Idle
0.682275140999991,13.285248,Idle
0.6844933270003821,13.285248,Idle
0.6867068090004977,13.285248,Idle
0.6889305949998743,13.285248,Idle
0.6911509569999907,13.285248,Idle
0.6933941690003849,13.285248,Idle
0.6956293479997839,13.285248,Idle
0.6978549269997529,13.285248,Idle
0.7000679290003973,13.285248,Idle
0.702282625999942,13.285248,Idle
0.7045016760002909,13.285248,Idle
0.7067157020001105,13.285248,Idle
0.7089388479998888,13.285248,Idle
0.7111570980005126,13.285248,Idle
0.7133902300001864,13.285248,Idle
0.7156055350005772,13.285248,Idle
0.7178187930003332,13.285248,Idle
0.7200310270000045,13.285248,Idle
0.7222757750005258,13.285248,Idle
0.7245083620000514,13.285248,Idle
0.7267283720002524,13.285248,Idle
0.7289745280004354,13.285248,Idle
0.7311909219997688,13.285248,Idle
0.7334346779998668,13.285248,Idle
0.7356585280003856,13.285248,Idle
0.7378762019998248,13.285248,Idle
0.7400881479998134,13.285248,Idle
0.7423008289997597,13.285248,Idle
0.7445390809998571,13.285248,Idle
0.7467610109997622,13.285248,Idle
0.7490331529998002,13.285248,Idle
0.7512667000000874,13.285248,Idle
0.7535207930004617,13.285248,Idle
0.7557419550003033,13.285248,Idle
0.7579559810001228,13.285248,Idle
0.760185752000325,13.285248,Idle
0.7624143390003155,13.285248,Idle
0.7646320769999875,13.285248,Idle
0.7668486310003573,13.285248,Idle
0.7690637440000501,13.285248,Idle
0.7712770340003772,13.285248,Idle
0.7734986120003668,13.285248,Idle
0.775715486000081,13.285248,Idle
0.7779481050001777,13.285248,Idle
0.7801619070005472,13.285248,Idle
0.7824010230006024,13.285248,Idle
0.7846306330002335,13.285248,Idle
0.7868473150001591,13.285248,Idle
0.7890621730002749,13.285248,Idle
0.7912795910006025,13.285248,Idle
0.7935592539997742,13.285248,Idle
0.7957746560005035,13.285248,Idle
0.7979905050005982,13.285248,Idle
0.8006770470001356,13.285248,Idle
0.8029067859997667,13.285248,Idle
0.8051248120000309,13.285248,Idle
0.807336022000527,13.285248,Idle
0.809568737000518,13.285248,Idle
0.8117839140004435,13.285248,Idle
0.8140237980005622,13.285248,Idle
0.8162472969997907,13.285248,Idle
0.8184634979998009,13.285248,Idle
0.8206785800002763,13.285248,Idle
0.822911775000648,13.285248,Idle
0.8251557230005346,13.285248,Idle
0.8273725650005872,13.285248,Idle
0.8295884150002166,13.285248,Idle
0.831799816000057,13.285248,Idle
0.8340130420001515,13.285248,Idle
0.8362241559998438,13.285248,Idle
0.8384369010000228,13.285248,Idle
0.8406747050003105,13.285248,Idle
0.842906492000111,13.285248,Idle
0.8451583759997447,13.285248,Idle
0.8473754100004953,13.285248,Idle
0.8495915800003786,13.285248,Idle
0.8518037499998172,13.285248,Idle
0.8540164309997635,13.285248,Idle
0.856244794000304,13.285248,Idle
0.8584690280003997,13.285248,Idle
0.8606852940001772,13.285248,Idle
0.8629000880000604,13.285248,Idle
0.8651147860000492,13.285248,Idle
0.867330764000144,13.285248,Idle
0.8695453649997944,13.285248,Idle
0.8717631350000374,13.285248,Idle
0.8740264449997994,13.285248,Idle
0.8762962830005563,13.285248,Idle
0.8785275580003145,13.285248,Idle
0.8807456479999018,13.285248,Idle
0.882961594000335,13.285248,Idle
0.8851751390002391,13.285248,Idle
0.8873889410006086,13.285248,Idle
0.8896269040005791,13.285248,Idle
0.8918417940003565,13.285248,Idle
0.8940570360000493,13.285248,Idle
0.8962750939999751,13.285248,Idle
0.8984887349997734,13.285248,Idle
0.9007028570003968,13.285248,Idle
0.9029229309999209,13.285248,Idle
0.9051996500002133,13.285248,Idle
0.90742161199978,13.285248,Idle
0.9096363420003399,13.285248,Idle
0.911849471000096,13.285248,Idle
0.9140656730005503,13.285248,Idle
0.9162833790005607,13.285248,Idle
0.9184969890002321,13.285248,Idle
0.9207558500002051,13.285248,Idle
0.9229802130003009,13.285248,Idle
0.9251973099999304,13.285248,Idle
0.9274106319999191,13.285248,Idle
0.9296302580005431,13.285248,Idle
0.931840476000616,13.285248,Idle
0.934146284000235,13.285248,Idle
0.9364036090000809,13.285248,Idle
0.9386368360001143,13.285248,Idle
0.9408539980004207,13.285248,Idle
0.9430671280006209,13.285248,Idle
0.9452794580001864,13.285248,Idle
0.9474903790005555,13.285248,Idle
0.9497042130005866,13.285248,Idle
0.9519187180003428,13.285248,Idle
0.9541510810004183,13.285248,Idle
0.9563642749999417,13.285248,Idle
0.9585849249997409,13.285248,Idle
0.960829993000516,13.285248,Idle
0.9630529800006116,13.285248,Idle
0.9652997439998217,13.285248,Idle
0.9675203940005304,13.285248,Idle
0.9697568530000353,13.285248,Idle
0.9719694710001932,13.285248,Idle
0.974184712999886,13.285248,Idle
0.9764068670001507,13.285248,Idle
0.9786211810005625,13.285248,Idle
0.9808348220003609,13.285248,Idle
0.9830466080002225,13.285248,Idle
0.9853110700005345,13.285248,Idle
0.987531816000228,13.285248,Idle
0.9897480500003439,13.285248,Idle
0.9919575310004802,13.285248,Idle
0.9941930940003658,13.285248,Idle
0.9964264810005261,13.285248,Idle
0.9986430990002191,13.285248,Idle
1.0008732220003367,13.285248,Idle
1.0030995690003692,13.285248,Idle
1.0053159950002737,13.285248,Idle
1.0075276200004737,13.285248,Idle
1.0097422220005683,13.285248,Idle
1.0119534630002818,13.285248,Idle
1.014167936999911,13.285248,Idle
1.016408077000051,13.285248,Idle
1.0186409839998305,13.285248,Idle
1.0209140220003974,13.285248,Idle
1.0231493930004945,13.285248,Idle
1.0253893730005075,13.285248,Idle
1.0276029189999463,13.285248,Idle
1.0298160160000407,13.285248,Idle
1.0320315139997547,13.285248,Idle
1.034276901999874,13.285248,Idle
1.0365090730001612,13.285248,Idle
1.0387255949999599,13.285248,Idle
1.0409512699998231,13.285248,Idle
1.043164751000404,13.285248,Idle
1.045378873000118,13.285248,Idle
1.047589923000487,13.285248,Idle
1.0498301900006481,13.285248,Idle
1.0520511920003628,13.285248,Idle
1.0543580250005107,13.285248,Idle
1.0565879240002687,13.285248,Idle
1.0588030059998346,13.285248,Idle
1.061174676000519,13.285248,Idle
1.0633996779997688,13.285248,Idle
1.0656381540002258,13.285248,Idle
1.0678572360002363,13.285248,Idle
1.0700727339999503,13.285248,Idle
1.0722853190000023,13.285248,Idle
1.0744980650006255,13.285248,Idle
1.076716411000234,13.285248,Idle
1.0789299240004766,13.285248,Idle
1.0811605910002982,13.285248,Idle
1.0833934020001834,13.285248,Idle
1.0856376060000912,13.285248,Idle
1.0878528160001224,13.285248,Idle
1.0900690500002383,13.285248,Idle
1.0931336049998208,13.285248,Idle
1.0971619140000257,13.285248,Idle
1.0994395280004028,13.285248,Idle
1.1016599220001808,13.285248,Idle
1.103871516000254,13.285248,Idle
1.1060881339999469,13.285248,Idle
1.1082998230003795,13.285248,Idle
1.1105107130006218,13.285248,Idle
1.1127557810004873,13.285248,Idle
1.1150204020004821,13.285248,Idle
1.1172514850004518,13.285248,Idle
1.1194641350002712,13.285248,Idle
1.1216793450003024,13.285248,Idle
1.123891578000439,13.285248,Idle
1.1261032359998353,13.285248,Idle
1.1283416790001866,13.285248,Idle
1.130574362000516,13.285248,Idle
1.1327889640006106,13.285248,Idle
1.1350014220006415,13.285248,Idle
1.1372160549999535,13.285248,Idle
1.1394303690003653,13.285248,Idle
1.141644235000058,13.285248,Idle
1.1438617490002798,13.285248,Idle
1.1461291550003807,13.285248,Idle
1.1483503489998839,13.285248,Idle
1.1505698790006136,13.285248,Idle
1.1527842249997775,13.285248,Idle
1.1549976100004642,13.285248,Idle
1.1572112200001357,13.285248,Idle
1.1594207650005046,13.285248,Idle
1.1616576090000308,13.285248,Idle
1.1638822909999362,13.285248,Idle
1.1660984930003906,13.285248,Idle
1.1683099900001253,13.285248,Idle
1.170524688000114,13.285248,Idle
1.1727378499999759,13.285248,Idle
1.17501895300029,13.285248,Idle
1.1772541959999216,13.285248,Idle
1.1794989440004429,13.285248,Idle
1.1817173220006225,13.285248,Idle
1.183931508000569,13.285248,Idle
1.1861473890003253,13.285248,Idle
1.1883583750004618,13.285248,Idle
1.1905716970004505,13.285248,Idle
1.192787290000524,13.285248,Idle
1.1950309820003895,13.285248,Idle
1.1972480160002306,13.285248,Idle
1.199601029000405,13.285248,Idle
1.2018499050000173,13.285248,Idle
1.204064186999858,13.285248,Idle
1.206308999000612,13.285248,Idle
1.2085419060003915,13.285248,Idle
1.2107841900005951,13.285248,Idle
1.2130004560003727,13.285248,Idle
1.2152143530001922,13.285248,Idle
1.2174300110000331,13.285248,Idle
1.219647525000255,13.285248,Idle
1.2218605910002225,13.285248,Idle
1.22407032800038,13.285248,Idle
1.2263097000004564,13.285248,Idle
1.2285319500006153,13.285248,Idle
1.2307456230000753,13.285248,Idle
1.2329600009998103,13.285248,Idle
1.235176299000159,13.285248,Idle
1.2374171430001297,13.285248,Idle
1.2397403610002584,13.285248,Idle
1.241979123999954,13.285248,Idle
1.2442050870004095,13.285248,Idle
1.2464221850004833,13.285248,Idle
1.2486361470000702,13.285248,Idle
1.2508488920002492,13.285248,Idle
1.25306135000028,13.285248,Idle
1.2552738390004379,13.285248,Idle
1.2574993220005126,13.285248,Idle
1.259737829000187,13.285248,Idle
1.2619545429997743,13.285248,Idle
1.2641679610005667,13.285248,Idle
1.2665401750000456,13.285248,Idle
1.2687667770005646,13.285248,Idle
1.2709828830002152,13.285248,Idle
1.2731996610000351,13.132544,Idle
1.2754307440000048,13.132544,Idle
1.2776501140006076,13.132544,Idle
1.2798638519998349,13.132544,Idle
1.282075893000183,13.132544,Idle
1.2842861750004886,13.132544,Idle
1.2864999760004139,13.132544,Idle
1.2887219710000863,13.132544,Idle
1.2909785920001013,13.132544,Idle
1.2932019300005777,13.132544,Idle
1.2954212680006094,13.132544,Idle
1.2976611519998187,13.132544,Idle
1.299875434000569,13.132544,Idle
1.3020906749998176,13.132544,Idle
1.3043024930002503,13.132544,Idle
1.3065372239998396,13.132544,Idle
1.3087621630002104,13.132544,Idle
1.3109771159997763,13.132544,Idle
1.3131920699997863,13.132544,Idle
1.3154025120002188,13.132544,Idle
1.3176184889998694,13.132544,Idle
1.3198377950002396,13.132544,Idle
1.3220759510004427,13.132544,Idle
1.3243023619997984,13.132544,Idle
1.3265412529999594,13.132544,Idle
1.3287715040005423,13.132544,Idle
1.330989850000151,13.132544,Idle
1.3332062440003938,13.132544,Idle
1.3354180300002554,13.132544,Idle
1.337635543000033,13.132544,Idle
1.3398733470003208,13.132544,Idle
1.3420916610002678,13.132544,Idle
1.3443027419998543,13.132544,Idle
1.346515520000139,13.132544,Idle
1.3487309219999588,13.132544,Idle
1.3509434110001166,13.132544,Idle
1.3531588450005074,13.132544,Idle
1.3553947930004142,13.132544,Idle
1.3576357000001735,13.132544,Idle
1.3598498219998874,13.132544,Idle
1.362063143999876,13.132544,Idle
1.3642757610004992,13.132544,Idle
1.366488923000361,13.132544,Idle
1.3687024040000324,13.132544,Idle
1.3709357280004042,13.132544,Idle
1.373158842000521,13.132544,Idle
1.3753732840004886,13.132544,Idle
1.3775851970003714,13.132544,Idle
1.3797955110003386,13.132544,Idle
1.3820098559999678,13.132544,Idle
1.3842206500003158,13.132544,Idle
1.386458900999969,13.132544,Idle
1.3886872000002768,13.132544,Idle
1.3909023460000753,13.132544,Idle
1.3931146430004446,13.132544,Idle
1.3953292129999681,13.132544,Idle
1.397541831000126,13.132544,Idle
1.399752303999776,13.132544,Idle
1.401968250000209,13.132544,Idle
1.4042048050005178,13.132544,Idle
1.4064276320004865,13.132544,Idle
1.40864322500056,13.132544,Idle
1.4108552349998718,13.132544,Idle
1.413069357000495,13.132544,Idle
1.415286550000019,13.132544,Idle
1.4177876700005072,13.132544,Idle
1.420021472999906,13.132544,Idle
1.4222667650001313,13.132544,Idle
1.4244890469999518,13.132544,Idle
1.4267060160000256,13.132544,Idle
1.4289358510004604,13.132544,Idle
1.4311511249998148,13.132544,Idle
1.433382592000271,13.132544,Idle
1.4356163950005794,13.132544,Idle
1.4378327240001454,13.132544,Idle
1.4400459819999014,13.132544,Idle
1.4422591430002285,13.132544,Idle
1.444471696000619,13.132544,Idle
1.4467142040002727,13.132544,Idle
1.4489607440000327,13.132544,Idle
1.4512028039998768,13.132544,Idle
1.453425566000078,13.132544,Idle
1.4556393029997707,13.132544,Idle
1.4578581929999928,13.132544,Idle
1.4601135339999018,13.132544,Idle
1.4623662499998318,13.132544,Idle
1.4645855240005403,13.132544,Idle
1.4668185910004468,13.132544,Idle
1.4690688430000591,13.132544,Idle
1.47129378200043,13.132544,Idle
1.4735156160004408,13.132544,Idle
1.4757276569998794,13.132544,Idle
1.4779669010004,13.132544,Idle
1.4801931829997557,13.132544,Idle
1.4824141210001471,13.132544,Idle
1.4846494280000115,13.132544,Idle
1.486865437999768,13.132544,Idle
1.4890786309997566,13.132544,Idle
1.4912897450003584,13.132544,Idle
1.4935205709998627,13.132544,Idle
1.4957318450005914,13.132544,Idle
1.4979481099999248,13.132544,Idle
1.5001809530003811,13.132544,Idle
1.5023989150004127,13.132544,Idle
1.5046136130004015,13.132544,Idle
1.5068317659997774,13.132544,Idle
1.5090709460000653,13.132544,Idle
1.5112861550005618,13.132544,Idle
1.5135161500002141,13.132544,Idle
1.5157537290006076,13.132544,Idle
1.5179780919997938,13.132544,Idle
1.5201920850004171,13.132544,Idle
1.5224039340000672,13.132544,Idle
1.5246177999997599,13.132544,Idle
1.5268318570006159,13.132544,Idle
1.5290490190000128,13.132544,Idle
1.5312873660004698,13.132544,Idle
1.533545043000231,13.132544,Idle
1.5357593250000718,13.132544,Idle
1.5380048730003182,13.132544,Idle
1.5402281149999908,13.132544,Idle
1.5424447969999164,13.132544,Idle
1.5446694150004987,13.132544,Idle
1.54692709200026,13.132544,Idle
1.5491547500005254,13.132544,Idle
1.5513305009999385,13.132544,Idle
1.5535463500000333,13.132544,Idle
1.5557660399999804,13.132544,Idle
1.557980258000498,13.132544,Idle
1.5601913390000846,13.132544,Idle
1.5624091090003276,13.132544,Idle
1.564645952000319,13.132544,Idle
1.5668696419998014,13.132544,Idle
1.5691133340005763,13.132544,Idle
1.5713317440004175,13.132544,Idle
1.573546474000068,13.132544,Idle
1.5757588349997604,13.132544,Idle
1.5779610830004458,13.132544,Idle
1.5801983110004585,13.132544,Idle
1.582417360999898,13.132544,Idle
1.58463292200031,13.132544,Idle
1.5868463080005313,13.132544,Idle
1.5890597890002027,13.132544,Idle
1.5912717660003182,13.132544,Idle
1.5935617340001045,13.132544,Idle
1.5958020970001598,13.132544,Idle
1.5980529899998146,13.132544,Idle
1.6002912410003773,13.132544,Idle
1.6025465500006248,13.132544,Idle
1.6047675520003395,13.132544,Idle
1.6069830169999477,13.132544,Idle
1.6091985470002328,13.132544,Idle
1.6114296940004351,13.132544,Idle
1.613652488000298,13.132544,Idle
1.615865937000308,13.132544,Idle
1.6180824909997682,13.132544,Idle
1.620294596000349,13.132544,Idle
1.62250843000038,13.132544,Idle
1.6247210470000937,13.132544,Idle
1.626938176999829,13.132544,Idle
1.6291843010003504,13.132544,Idle
1.6314021349999166,13.132544,Idle
1.6336226889998215,13.132544,Idle
1.6358358500001486,13.132544,Idle
1.6380500350005605,13.132544,Idle
1.6402604770000835,13.132544,Idle
1.642476646000432,13.132544,Idle
1.6447210100004668,13.132544,Idle
1.6469365720004134,13.132544,Idle
1.6491514609997466,13.132544,Idle
1.6513308280000274,13.132544,Idle
1.6535770800001046,13.132544,Idle
1.6558007379999253,13.132544,Idle
1.6580831530000069,13.132544,Idle
1.660329725000338,13.132544,Idle
1.6625531270001375,13.132544,Idle
1.6647688809998726,13.132544,Idle
1.6669843790004961,13.132544,Idle
1.6691968679997444,13.132544,Idle
1.6714076930002193,13.132544,Idle
1.6736226470002293,13.132544,Idle
1.6758555540000089,13.132544,Idle
1.6780814840003586,13.132544,Idle
1.680295990000559,13.132544,Idle
1.6825090869997439,13.132544,Idle
1.684729513000093,13.132544,Idle
1.6869486909999978,13.132544,Idle
1.6891870059998837,13.132544,Idle
1.6914174170005936,13.132544,Idle
1.6944101260005482,13.132544,Idle
1.698169710000002,13.132544,Idle
1.7004580130005706,13.132544,Idle
1.702682662999905,13.132544,Idle
1.7048999210001057,13.132544,Idle
1.7071172750002006,13.132544,Idle
1.709364903000278,13.132544,Idle
1.7115808810003728,13.132544,Idle
1.7138179160001528,13.132544,Idle
1.7160299249999298,13.132544,Idle
1.7183429980004803,13.132544,Idle
1.7205773129999216,13.132544,Idle
1.7227931630004605,13.132544,Idle
1.7250317660000292,13.132544,Idle
1.7272564490003788,13.132544,Idle
1.7294764899997972,13.132544,Idle
1.7316875400001663,13.132544,Idle
1.7339020770004936,13.132544,Idle
1.7361129669998263,13.132544,Idle
1.7383251680003013,13.132544,Idle
1.740557914999954,13.132544,Idle
1.7427922940005374,13.132544,Idle
1.7450063189999128,13.132544,Idle
1.7472206649999862,13.132544,Idle
1.7497333370001797,13.132544,Idle
1.7519670120000228,13.132544,Idle
1.7541847820002658,13.132544,Idle
1.7564446670003235,13.132544,Idle
1.7586715570005254,13.132544,Idle
1.7608870230005778,13.132544,Idle
1.7631003120004607,13.132544,Idle
1.7653124180005761,13.132544,Idle
1.7675225709999722,13.132544,Idle
1.76973701299994,13.132544,Idle
1.7719527340004788,13.132544,Idle
1.7741955299998153,13.132544,Idle
1.7764132040001641,13.132544,Idle
1.7786512630000288,13.132544,Idle
1.7808847140004218,13.132544,Idle
1.7831012360002205,13.132544,Idle
1.7853172770001038,13.132544,Idle
1.7875336389997756,13.132544,Idle
1.7897724020003807,13.132544,Idle
1.791986172000179,13.132544,Idle
1.7942003570005909,13.132544,Idle
1.7964120790002198,13.132544,Idle
1.7986234159998276,13.132544,Idle
1.8008359049999854,13.132544,Idle
1.8030488750000586,13.132544,Idle
1.8052935910000087,13.132544,Idle
1.8075817979997737,13.132544,Idle
1.8098353140003383,13.132544,Idle
1.8120496279998406,13.132544,Idle
1.8142639409998083,13.132544,Idle
1.8164819990006436,13.132544,Idle
1.8186978809999346,13.132544,Idle
1.8209363240002858,13.132544,Idle
1.8231851680002364,13.132544,Idle
1.825403673999972,13.132544,Idle
1.8276173470003414,13.132544,Idle
1.829837805000352,13.132544,Idle
1.8320494629997484,13.132544,Idle
1.834262112000033,13.132544,Idle
1.8364803940003185,13.132544,Idle
1.8387909709999803,13.132544,Idle
1.8410204860001613,13.132544,Idle
1.8432363669999177,13.132544,Idle
1.845450489000541,13.132544,Idle
1.8476617300002545,13.132544,Idle
1.849877579999884,13.132544,Idle
1.852092821000042,13.132544,Idle
1.8543227199998,13.132544,Idle
1.8565367130004233,13.132544,Idle
1.8587499710001794,13.132544,Idle
1.8609680930003378,13.132544,Idle
1.8632124559999284,13.132544,Idle
1.8654308659997696,13.132544,Idle
1.8676615009999296,13.132544,Idle
1.8699261219999244,13.132544,Idle
1.872148436000316,13.132544,Idle
1.874363357999755,13.132544,Idle
1.8765787600004842,13.132544,Idle
1.8787914410004305,13.132544,Idle
1.8810048260002077,13.132544,Idle
1.8832250920004299,13.132544,Idle
1.885464015999787,13.132544,Idle
1.8876861700000518,13.132544,Idle
1.8899013790005483,13.132544,Idle
1.8921144450005158,13.132544,Idle
1.8943274780003776,13.132544,Idle
1.8965415040001972,13.132544,Idle
1.8987613859999328,13.132544,Idle
1.9010203429998,13.132544,Idle
1.9032461130000229,13.132544,Idle
1.9054615149998426,13.132544,Idle
1.9076741320004658,13.132544,Idle
1.9098864289999256,13.132544,Idle
1.9120958150006118,13.132544,Idle
1.9143083680000927,13.132544,Idle
1.916524537999976,13.132544,Idle
1.9187671730005604,13.132544,Idle
1.920989295000254,13.132544,Idle
1.9232049849997566,13.132544,Idle
1.9254167059998508,13.132544,Idle
1.9276275319998604,13.132544,Idle
1.9298699430000852,13.132544,Idle
1.9320970899998429,13.132544,Idle
1.9343308930001513,13.132544,Idle
1.9365472540002884,13.132544,Idle
1.9387592960001712,13.132544,Idle
1.9409727769998426,13.132544,Idle
1.9431838580003387,13.132544,Idle
1.9453964760004965,13.132544,Idle
1.947607396999956,13.132544,Idle
1.9498454559998208,13.132544,Idle
1.9520644100002755,13.132544,Idle
1.9542822760004128,13.132544,Idle
1.9564955650002958,13.132544,Idle
1.9587138790002427,13.132544,Idle
1.9609633959998973,13.132544,Idle
1.9631794690003517,13.132544,Idle
1.9654170479998356,13.132544,Idle
1.9676417629998468,13.132544,Idle
1.9698662850005348,13.132544,Idle
1.9720782940003119,13.132544,Idle
1.9742922559998988,13.132544,Idle
1.9765039129997604,13.132544,Idle
1.9787147060005736,13.132544,Idle
1.9809618220006087,13.132544,Idle
1.9831961700001557,13.132544,Idle
1.9854146429997854,13.132544,Idle
1.9876269090000278,13.132544,Idle
1.989861416000167,13.132544,Idle
1.992087602000538,13.132544,Idle
1.994303676000527,13.132544,Idle
1.9965213820005374,13.132544,Idle
1.9987574570004654,13.132544,Idle
2.001379256999826,13.132544,Idle
2.00361296400024,13.132544,Idle
2.005828942000335,13.132544,Idle
2.0233888780003326,13.285248,Warmup
2.028052882999873,13.285248,Warmup
2.031312301000071,13.285248,Warmup
2.0336565120005616,13.285248,Warmup
2.035912493000069,13.285248,Warmup
2.0381445680004617,13.285248,Warmup
2.0403648339997744,13.285248,Warmup
2.042585068000335,13.285248,Warmup
2.0448189670005377,13.285248,Warmup
2.047102917999837,13.285248,Warmup
2.049382195999897,13.285248,Warmup
2.0517351120006424,13.285248,Warmup
2.0540608900000734,13.285248,Warmup
2.056356906000474,13.285248,Warmup
2.0587255360005656,13.285248,Warmup
2.0611021330005315,13.285248,Warmup
2.06341984699975,13.285248,Warmup
2.0657108380000864,13.285248,Warmup
2.067955202000121,13.285248,Warmup
2.070219662999989,13.285248,Warmup
2.0725658270002896,13.285248,Warmup
2.0749336240005505,13.285248,Warmup
2.0773399210002026,13.437952,Warmup
2.07992869500049,13.437952,Warmup
2.082327021999845,13.437952,Warmup
2.084700387999874,13.437952,Warmup
2.0870521520000693,13.437952,Warmup
2.089367241000218,13.437952,Warmup
2.091656504000639,13.437952,Warmup
2.0940021559999877,13.437952,Warmup
2.0968654469998,13.437952,Warmup
2.0992018500000995,13.437952,Warmup
2.1015678230005506,13.437952,Warmup
2.106858787999954,13.437952,Warmup
2.1093251849997614,13.437952,Warmup
2.1116737170004853,13.437952,Warmup
2.1140533230000074,13.437952,Warmup
2.1164469459999964,13.437952,Warmup
2.118814776000363,13.437952,Warmup
2.1211423140002807,13.437952,Warmup
2.1234840930001155,13.437952,Warmup
2.1258669950002513,13.437952,Warmup
2.1283596020002733,13.437952,Warmup
2.1307308240002385,13.437952,Warmup
2.1331385280000177,13.437952,Warmup
2.135558232999756,13.590656,Warmup
2.1378936119999707,13.590656,Warmup
2.1404275020004206,13.590656,Warmup
2.1428061480000906,13.590656,Warmup
2.145180026000162,13.590656,Warmup
2.1475542560001486,13.590656,Warmup
2.1498889300000883,13.590656,Warmup
2.152164337000613,13.590656,Warmup
2.1544231650004804,13.590656,Warmup
2.156687882999904,13.590656,Warmup
2.1590016600002855,13.590656,Warmup
2.1613467349998245,13.590656,Warmup
2.163681474000441,13.590656,Warmup
2.1660339099998964,13.590656,Warmup
2.1683585360005964,13.590656,Warmup
2.1707140449998406,13.590656,Warmup
2.1731011390002095,13.590656,Warmup
2.1754570640005113,13.590656,Warmup
2.1777983310003037,13.590656,Warmup
2.1801142200001777,13.590656,Warmup
2.1824271010000302,13.590656,Warmup
2.1847625760001392,13.590656,Warmup
2.1871171880002294,13.590656,Warmup
2.1894618480000645,13.590656,Warmup
2.191785353999876,13.58496,Warmup
2.194097915000384,13.58496,Warmup
2.196465712000645,13.58496,Warmup
2.1988189479998255,13.58496,Warmup
2.201176473000487,13.58496,Warmup
2.203548397999839,13.58496,Warmup
2.2058860810002443,13.58496,Warmup
2.208220084000459,13.58496,Warmup
2.2105402610004603,13.58496,Warmup
2.2129065870003615,13.7376,Warmup
2.2152645590003885,13.7376,Warmup
2.2176192030001403,13.7376,Warmup
2.2199942970000848,13.7376,Warmup
2.2223896490004336,13.7376,Warmup
2.224791560000085,13.7376,Warmup
2.2271450210000694,13.7376,Warmup
2.229496625000138,13.7376,Warmup
2.23183629200048,13.7376,Warmup
2.2341313150000133,13.7376,Warmup
2.2364280350002446,13.7376,Warmup
2.2387717350002276,13.7376,Warmup
2.2411625419999837,13.7376,Warmup
2.2435797190000812,13.7376,Warmup
2.2459637729998576,13.7376,Warmup
2.2483195700006036,13.7376,Warmup
2.2506749499998477,13.7376,Warmup
2.2530016239998076,13.7376,Warmup
2.255307720000019,13.7376,Warmup
2.2576589400005105,13.7376,Warmup
2.260032178000074,13.7376,Warmup
2.262369060999845,13.7376,Warmup
2.2646820700001626,13.7376,Warmup
2.2670597880005516,13.7376,Warmup
2.2693846060001306,13.7376,Warmup
2.271694703000321,13.7376,Warmup
2.27405603599982,13.7376,Warmup
2.2764462029999777,13.7376,Warmup
2.278808879999815,13.7376,Warmup
2.2811387219999233,13.7376,Warmup
2.2834831890004352,13.7376,Warmup
2.2858097680000355,13.7376,Warmup
2.2881617240000196,13.7376,Warmup
2.290493102000255,13.7376,Warmup
2.2928815410004972,13.7376,Warmup
2.2955973329999324,13.7376,Warmup
2.2979245510005057,13.7376,Warmup
2.3002804750003634,13.7376,Warmup
2.3026252310000928,13.7376,Warmup
2.3049551049998627,13.89024,Warmup
2.3072418400006427,13.89024,Warmup
2.3095627540005808,13.89024,Warmup
2.311857841999881,13.89024,Warmup
2.3143354069998168,13.89024,Warmup
2.3166406079999433,13.89024,Warmup
2.3189278870004273,13.89024,Warmup
2.3211961240003802,13.89024,Warmup
2.3235340950004684,13.89024,Warmup
2.3259494800004177,13.89024,Warmup
2.3283139490004032,13.89024,Warmup
2.330687859000136,13.89024,Warmup
2.3331314060005752,13.89024,Warmup
2.3355153330003304,13.89024,Warmup
2.3378798660005486,13.89024,Warmup
2.340244623000217,13.89024,Warmup
2.3425972189997992,13.89024,Warmup
2.3448948350005594,13.89024,Warmup
2.34717388900026,13.89024,Warmup
2.349505844000305,13.89024,Warmup
2.351879657000609,13.89024,Warmup
2.3542559670004266,13.89024,Warmup
2.356647990000056,13.89024,Warmup
2.3589981860004627,13.89024,Warmup
2.3613460140004463,13.89024,Warmup
2.3637284040005397,13.89024,Warmup
2.3661653270000897,13.89024,Warmup
2.3685418929999287,13.89024,Warmup
2.37085704600031,13.89024,Warmup
2.3731523260003087,13.89024,Warmup
2.37544091700056,13.89024,Warmup
2.3777192349998586,13.89024,Warmup
2.380003090000173,13.89024,Warmup
2.3822663040000407,13.89024,Warmup
2.384491466000327,13.89024,Warmup
2.386720917000275,14.04288,Warmup
2.388987297999847,14.04288,Warmup
2.391277937000268,14.04288,Warmup
2.3936542789997475,14.04288,Warmup
2.395989722000195,14.04288,Warmup
2.39832487700005,14.04288,Warmup
2.400774344000638,14.04288,Warmup
2.4031303649999245,14.04288,Warmup
2.4054904169997826,14.04288,Warmup
2.407834532999914,14.04288,Warmup
2.410151670000232,14.04288,Warmup
2.4124638470002537,14.04288,Warmup
2.414815482999984,14.04288,Warmup
2.417146028999923,14.04288,Warmup
2.41942719600047,14.04288,Warmup
2.421758030000092,14.04288,Warmup
2.424130275000607,14.04288,Warmup
2.4265157059999183,14.04288,Warmup
2.428862477000621,14.04288,Warmup
2.4311992640004974,14.04288,Warmup
2.433538066999972,14.04288,Warmup
2.435839075000331,14.04288,Warmup
2.4381953190004424,14.04288,Warmup
2.4405243290002545,14.04288,Warmup
2.4429004470002837,14.04288,Warmup
2.445367195000472,14.04288,Warmup
2.4477137430003495,14.04288,Warmup
2.4500990770002318,14.04288,Warmup
2.4524772430004305,14.04288,Warmup
2.4548216459998002,14.04288,Warmup
2.4571601930001634,14.04288,Warmup
2.4594637609998244,14.04288,Warmup
2.461753760000647,14.04288,Warmup
2.4640421590002006,14.04288,Warmup
2.4663640970002234,14.04288,Warmup
2.4686508000004324,14.04288,Warmup
2.470940735000113,14.04288,Warmup
2.473211788000299,14.04288,Warmup
2.475452888000291,14.04288,Warmup
2.4776853459998165,14.04288,Warmup
2.4799353110001903,14.04288,Warmup
2.482362984000247,14.04288,Warmup
2.484732797000106,14.04288,Warmup
2.4871000499997535,14.04288,Warmup
2.4894434300003923,14.04288,Warmup
2.4917509340002653,14.04288,Warmup
2.494085609000649,14.04288,Warmup
2.4964511010002752,14.04288,Warmup
2.498779182999897,14.04288,Warmup
2.50112403500043,14.04288,Warmup
2.503491512000437,14.04288,Warmup
2.505813800999931,14.04288,Warmup
2.508079383000222,14.04288,Warmup
2.5103752700006225,14.04288,Warmup
2.5127369550000367,14.04288,Warmup
2.515103728000213,14.04288,Warmup
2.517451875000006,14.04288,Warmup
2.5197825499999453,14.04288,Warmup
2.522098983000433,14.04288,Warmup
2.5244262650003293,14.04288,Warmup
2.5267818370002715,14.04288,Warmup
2.5291590750002797,14.04288,Warmup
2.5315379120002035,14.19552,Warmup
2.5338703470006294,14.19552,Warmup
2.536189084000398,14.19552,Warmup
2.5385138379997443,14.19552,Warmup
2.5408249590000196,14.19552,Warmup
2.5431970760000695,14.19552,Warmup
2.5455339270001787,14.19552,Warmup
2.5478464870002426,14.19552,Warmup
2.5501782500004992,14.19552,Warmup
2.552547455000422,14.19552,Warmup
2.5549347410005794,14.19552,Warmup
2.5572956260002684,14.19552,Warmup
2.559632285000589,14.19552,Warmup
2.5619516300002942,14.19552,Warmup
2.5642607670006328,14.19552,Warmup
2.566604594000637,14.19552,Warmup
2.5689449649999005,14.19552,Warmup
2.5712996090005618,14.19552,Warmup
2.5736952799998107,14.19552,Warmup
2.5760826630003066,14.19552,Warmup
2.578446203000567,14.19552,Warmup
2.5807736450005905,14.19552,Warmup
2.5831279690000883,14.19552,Warmup
2.5854673160001767,14.19552,Warmup
2.5877947899998617,14.19552,Warmup
2.5901358970004367,14.19552,Warmup
2.5924808770005257,14.19552,Warmup
2.594971307000378,14.19552,Warmup
2.5973493450001115,14.19552,Warmup
2.5996628660004717,14.19552,Warmup
2.6019881000001988,14.19552,Warmup
2.604355096999825,14.19552,Warmup
2.6067291979998117,14.19552,Warmup
2.609060352000597,14.19552,Warmup
2.6114068679999036,14.19552,Warmup
2.6137391740003295,14.19552,Warmup
2.6160137799997756,14.19552,Warmup
2.6183062430000064,14.19552,Warmup
2.620674167999823,14.19552,Warmup
2.622998698000629,14.19552,Warmup
2.6253206999999747,14.19552,Warmup
2.6276982899998984,14.19552,Warmup
2.630047268999988,14.19552,Warmup
2.6323659420004333,14.19552,Warmup
2.6347251630004394,14.19552,Warmup
2.637114658000428,14.19552,Warmup
2.6394971440004156,14.19552,Warmup
2.641863693000232,14.19552,Warmup
2.6442231370001537,14.19552,Warmup
2.6465879580000546,14.189568,Warmup
2.648951627000315,14.189568,Warmup
2.6512783329999365,14.189568,Warmup
2.653653778000262,14.189568,Warmup
2.6560984770003415,14.189568,Warmup
2.6585352720003357,14.189568,Warmup
2.6610218619998705,14.189568,Warmup
2.663401595999858,14.189568,Warmup
2.665693707000173,14.189568,Warmup
2.667955384000379,14.189568,Warmup
2.6702291580004385,14.189568,Warmup
2.672476722000283,14.189568,Warmup
2.6747001240000827,14.189568,Warmup
2.6769424390004133,14.189568,Warmup
2.6792983310006093,14.189568,Warmup
2.6816850740005975,14.189568,Warmup
2.6840064030002395,14.189568,Warmup
2.686371736000183,14.189568,Warmup
2.688740749000317,14.189568,Warmup
2.6910958730004495,14.189568,Warmup
2.693430996000643,14.189568,Warmup
2.6957319399998596,14.189568,Warmup
2.6980471890001354,14.189568,Warmup
2.7004258670003765,14.189568,Warmup
2.7027604770000835,14.189568,Warmup
2.7051513160004106,14.189568,Warmup
2.7075148570002057,14.189568,Warmup
2.7098260100001426,14.189568,Warmup
2.7121474350005883,14.342144,Warmup
2.7145004789999803,14.342144,Warmup
2.7168745170001785,14.342144,Warmup
2.7192607150000185,14.342144,Warmup
2.7216662750006435,14.342144,Warmup
2.724060217999977,14.342144,Warmup
2.726409806000447,14.342144,Warmup
2.7287003170004027,14.342144,Warmup
2.7310919880001165,14.342144,Warmup
2.7334601689999545,14.342144,Warmup
2.7357902029998513,14.342144,Warmup
2.7381515360002595,14.342144,Warmup
2.7405430460003117,14.342144,Warmup
2.7428947460002746,14.342144,Warmup
2.7452401420005117,14.342144,Warmup
2.747604354000032,14.342144,Warmup
2.749960375000228,14.342144,Warmup
2.752334444000553,14.342144,Warmup
2.75477472700004,14.342144,Warmup
2.757198176000202,14.342144,Warmup
2.759650459000113,14.342144,Warmup
2.7619930390001173,14.342144,Warmup
2.764339137999741,14.342144,Warmup
2.7666941340003177,14.342144,Warmup
2.7690566190003665,14.342144,Warmup
2.771400254000582,14.342144,Warmup
2.773699662000581,14.342144,Warmup
2.775968826999815,14.342144,Warmup
2.7783140629999252,14.342144,Warmup
2.7806581459999506,14.342144,Warmup
2.7830517050006165,14.342144,Warmup
2.7855495920002795,14.342144,Warmup
2.788057495999965,14.342144,Warmup
2.790583097000308,14.342144,Warmup
2.7931537889999163,14.342144,Warmup
2.795518386000367,14.342144,Warmup
2.797783134999918,14.342144,Warmup
2.8000956000005317,14.342144,Warmup
2.8023923199998535,14.342144,Warmup
2.804635755000163,14.342144,Warmup
2.8068773029999647,14.342144,Warmup
2.809107617000336,14.342144,Warmup
2.81133111500003,14.342144,Warmup
2.813571415000297,14.342144,Warmup
2.8158146900004795,14.342144,Warmup
2.8180515009999,14.342144,Warmup
2.820284376000018,14.342144,Warmup
2.8225289960000737,14.342144,Warmup
2.8247695830004886,14.342144,Warmup
2.827012986000227,14.342144,Warmup
2.829260102000262,14.342144,Warmup
2.83150430600017,14.342144,Warmup
2.8337566700001844,14.342144,Warmup
2.835978568000428,14.342144,Warmup
2.8381927529999302,14.342144,Warmup
2.840405371000088,14.342144,Warmup
2.8426199080004153,14.342144,Warmup
2.844837741000447,14.342144,Warmup
2.8470503910002662,14.342144,Warmup
2.8492710400005308,14.342144,Warmup
2.8514783770006034,14.342144,Warmup
2.8536956349998945,14.342144,Warmup
2.8559191650001594,14.342144,Warmup
2.8581810020004923,14.342144,Warmup
2.8604438950005715,14.342144,Warmup
2.862759816000107,14.342144,Warmup
2.8650904900005116,14.342144,Warmup
2.867392234000363,14.342144,Warmup
2.8696751289999156,14.342144,Warmup
2.871967560000485,14.342144,Warmup
2.8742352529998243,14.342144,Warmup
2.8765741839997645,14.342144,Warmup
2.8789683830000286,14.342144,Warmup
2.881302962000518,14.342144,Warmup
2.88364054900012,14.342144,Warmup
2.886003833000359,14.342144,Warmup
2.888339564000489,14.342144,Warmup
2.890681599000345,14.342144,Warmup
2.8930299069998,14.342144,Warmup
2.895395174999976,14.342144,Warmup
2.89943353200033,14.342144,Warmup
2.9018198590001703,14.342144,Warmup
2.9042114020003282,14.342144,Warmup
2.906563293000545,14.342144,Warmup
2.908885487000589,14.342144,Warmup
2.9112580520004485,14.342144,Warmup
2.9135822939997524,14.342144,Warmup
2.915921225000602,14.342144,Warmup
2.918304894999892,14.342144,Warmup
2.9206604990004053,14.342144,Warmup
2.9229910140002175,14.342144,Warmup
2.925343353000244,14.342144,Warmup
2.92763994500001,14.342144,Warmup
2.9299413690005167,14.342144,Warmup
2.9322640110003704,14.342144,Warmup
2.934590429000309,14.342144,Warmup
2.9369544490000408,14.342144,Warmup
2.939339816000029,14.342144,Warmup
2.9416764739999053,14.342144,Warmup
2.9440156609998667,14.342144,Warmup
2.94633487900046,14.342144,Warmup
2.9486962110004242,14.342144,Warmup
2.9511062840001614,14.342144,Warmup
2.953509251000469,14.342144,Warmup
2.9558273809998354,14.342144,Warmup
2.958179592000306,14.342144,Warmup
2.9605510700002924,14.342144,Warmup
2.9628592139997636,14.342144,Warmup
2.9651268120005625,14.342144,Warmup
2.967425419000392,14.342144,Warmup
2.969812226000613,14.342144,Warmup
2.9722229380004137,14.342144,Warmup
2.974671861000388,14.342144,Warmup
2.9771498430000065,14.342144,Warmup
2.9795698679999987,14.342144,Warmup
2.9819694120005806,14.342144,Warmup
2.9843649550002738,14.342144,Warmup
2.986772659000053,14.342144,Warmup
2.9891790510000646,14.342144,Warmup
2.991642662999766,14.342144,Warmup
2.9939658170005714,14.342144,Warmup
2.9962317179997626,14.342144,Warmup
2.9985567600006107,14.342144,Warmup
3.0009311170006185,14.342144,Warmup
3.003256703000261,14.342144,Warmup
3.0056427099998473,14.342144,Warmup
3.0079690960001244,14.342144,Warmup
3.010290393000105,14.342144,Warmup
3.012715699000182,14.342144,Warmup
3.0151272110006175,14.342144,Warmup
3.017492607999884,14.342144,Warmup
3.019899288000488,14.49472,Warmup
3.02234334700006,14.49472,Warmup
3.0247060230003626,14.49472,Warmup
3.027100607000648,14.49472,Warmup
3.0295201200005977,14.49472,Warmup
3.031941168999765,14.49472,Warmup
3.0343433039997763,14.49472,Warmup
3.0367004770005224,14.49472,Warmup
3.03907550599979,14.49472,Warmup
3.0414711130006253,14.49472,Warmup
3.043851103000634,14.49472,Warmup
3.0462154120004925,14.49472,Warmup
3.048526180999943,14.49472,Warmup
3.0508157320000464,14.49472,Warmup
3.053187657000308,14.49472,Warmup
3.05549276200054,14.49472,Warmup
3.057839533000333,14.49472,Warmup
3.060207074000573,14.49472,Warmup
3.0626365400003124,14.49472,Warmup
3.064976110999851,14.49472,Warmup
3.0673304669999197,14.49472,Warmup
3.069653076000577,14.49472,Warmup
3.072012329000245,14.49472,Warmup
3.0744305939997503,14.49472,Warmup
3.076849627000229,14.49472,Warmup
3.0792273130000467,14.49472,Warmup
3.081610662999992,14.49472,Warmup
3.084011422000003,14.49472,Warmup
3.0863605619997543,14.49472,Warmup
3.088681283000369,14.49472,Warmup
3.0910592250002082,14.49472,Warmup
3.093435695000153,14.49472,Warmup
3.0957783379999455,14.49472,Warmup
3.0981425190002483,14.49472,Warmup
3.1004592400004185,14.49472,Warmup
3.102765976000228,14.49472,Warmup
3.105140622000363,14.49472,Warmup
3.10748291300024,14.49472,Warmup
3.1098405330003516,14.49472,Warmup
3.1122458050003843,14.49472,Warmup
3.114634276000288,14.49472,Warmup
3.1170197380006357,14.49472,Warmup
3.1193989920002423,14.49472,Warmup
3.121778438000547,14.49472,Warmup
3.1241073520004647,14.49472,Warmup
3.126495694999903,14.49472,Warmup
3.128908135000529,14.49472,Warmup
3.1312417859999186,14.49472,Warmup
3.1335834370001976,14.49472,Warmup
3.135989413000061,14.49472,Warmup
3.1383829080004944,14.49472,Warmup
3.1407191830003285,14.49472,Warmup
3.143054144999951,14.49472,Warmup
3.1453836030004823,14.49472,Warmup
3.1476480000001175,14.49472,Warmup
3.1499531050003498,14.49472,Warmup
3.1523351109999567,14.49472,Warmup
3.154687195000406,14.49472,Warmup
3.157043854999756,14.49472,Warmup
3.159402307000164,14.49472,Warmup
3.161734645999786,14.49472,Warmup
3.1640134760000365,14.49472,Warmup
3.1663132040002893,14.49472,Warmup
3.1686651280006117,14.49472,Warmup
3.171063871000115,14.49472,Warmup
3.1734561499997653,14.49472,Warmup
3.175830603000577,14.49472,Warmup
3.178186111999821,14.49472,Warmup
3.18060812099975,14.49472,Warmup
3.1829772620003496,14.49472,Warmup
3.1852979510003934,14.49472,Warmup
3.1876492030005465,14.49472,Warmup
3.190004871000383,14.49472,Warmup
3.192349402999753,14.49472,Warmup
3.194718415999887,14.49472,Warmup
3.1970709799998076,14.49472,Warmup
3.199430200000279,14.49472,Warmup
3.202036863000103,14.49472,Warmup
3.2043418080002084,14.49472,Warmup
3.2066303030005656,14.49472,Warmup
3.208955023999806,14.49472,Warmup
3.2113100520000444,14.49472,Warmup
3.2136624240001765,14.49472,Warmup
3.2160459990000163,14.49472,Warmup
3.2184162600005948,14.49472,Warmup
3.220763287000409,14.49472,Warmup
3.223152558000038,14.49472,Warmup
3.2255073619999166,14.49472,Warmup
3.2278728230003253,14.49472,Warmup
3.230215305999991,14.49472,Warmup
3.232703016000414,14.49472,Warmup
3.235098336000192,14.49472,Warmup
3.237480214000243,14.49472,Warmup
3.2398032709998006,14.49472,Warmup
3.242085525999755,14.49472,Warmup
3.2444065030003912,14.49472,Warmup
3.2469380570000794,14.49472,Warmup
3.2493122860005315,14.49472,Warmup
3.251682867999989,14.49472,Warmup
3.2540164540005208,14.49472,Warmup
3.256424574000448,14.49472,Warmup
3.258765809000579,14.49472,Warmup
3.2610623050004506,14.49472,Warmup
3.2633332310006153,14.49472,Warmup
3.2656505599998127,14.49472,Warmup
3.2679644010004267,14.49472,Warmup
3.2702664329999607,14.49472,Warmup
3.272544942999957,14.49472,Warmup
3.274822268999742,14.49472,Warmup
3.277109260000543,14.49472,Warmup
3.279403067000203,14.49472,Warmup
3.2817297729998245,14.49472,Warmup
3.2840886100002535,14.49472,Warmup
3.286446934000196,14.49472,Warmup
3.2888272119998874,14.49472,Warmup
3.291185152000253,14.49472,Warmup
3.2936320910002905,14.49472,Warmup
3.2959615179997854,14.49472,Warmup
3.298260284999742,14.49472,Warmup
3.3006822630004535,14.49472,Idle
3.3029584370005978,14.49472,Idle
3.3052073449998716,14.49472,Idle
3.3074326989999463,14.49472,Idle
3.309653989000253,14.49472,Idle
3.3118687500000306,14.49472,Idle
3.3140865189998294,14.49472,Idle
3.3163005450005585,14.342144,Idle
3.3185244269998293,14.342144,Idle
3.320762678000392,14.342144,Idle
3.322977470999831,14.342144,Idle
3.3252265070004796,14.342144,Idle
3.327449909000279,14.342144,Idle
3.3296720950002054,14.342144,Idle
3.3318901210004697,14.342144,Idle
3.3341029940002045,14.342144,Idle
3.336340413000471,14.342144,Idle
3.3385691600005885,14.342144,Idle
3.3407837929999005,14.342144,Idle
3.3429961540005024,14.342144,Idle
3.34521091500028,14.342144,Idle
3.3474235009998665,14.342144,Idle
3.3496352860001934,14.342144,Idle
3.351865696000459,14.342144,Idle
3.3540966830005345,14.342144,Idle
3.35634219900021,14.342144,Idle
3.358559360000072,14.342144,Idle
3.3607739620001666,14.342144,Idle
3.3629875710003034,14.342144,Idle
3.365200891999848,14.342144,Idle
3.3674441680004747,14.342144,Idle
3.369673234000402,14.342144,Idle
3.371889468000518,14.342144,Idle
3.3741025650006122,14.342144,Idle
3.3763148300004104,14.342144,Idle
3.378529047000484,14.342144,Idle
3.3807432969997535,14.189568,Idle
3.3829602659998272,14.189568,Idle
3.3853006050003387,14.189568,Idle
3.3875263750005615,14.189568,Idle
3.3897434090004026,14.189568,Idle
3.3919569859999683,14.189568,Idle
3.394172035000338,14.189568,Idle
3.396393644999989,14.189568,Idle
3.3986099749999994,14.189568,Idle
3.4008448980002868,14.189568,Idle
3.40306276299998,14.19552,Idle
3.4052820050001174,14.19552,Idle
3.4074934700001904,14.19552,Idle
3.4097078790000523,14.19552,Idle
3.411920977000591,14.19552,Idle
3.414137626000411,14.19552,Idle
3.416414184000132,14.19552,Idle
3.418642610000461,14.19552,Idle
3.421043913000176,14.19552,Idle
3.423285333000422,14.19552,Idle
3.425514815000497,14.19552,Idle
3.427728487999957,14.19552,Idle
3.429943889000242,14.19552,Idle
3.4321757080006137,14.19552,Idle
3.4344074620003084,14.19552,Idle
3.436626063999938,14.19552,Idle
3.4388397370003077,14.19552,Idle
3.4410515859999578,14.19552,Idle
3.443263787000433,14.19552,Idle
3.4455461690004086,14.19552,Idle
3.447788324000612,14.19552,Idle
3.450015725999947,14.19552,Idle
3.4522311910004646,14.19552,Idle
3.4544448650003687,14.04288,Idle
3.4566586020000614,14.04288,Idle
3.4588837640003476,14.04288,Idle
3.4611250230000223,14.04288,Idle
3.463355177000267,14.04288,Idle
3.4656029329999,14.04288,Idle
3.4678201260003334,14.04288,Idle
3.470035303000259,14.04288,Idle
3.4722476639999513,14.04288,Idle
3.4744658500003425,14.04288,Idle
3.4767182780005896,14.04288,Idle
3.4789396630003466,14.04288,Idle
3.4811773060000633,14.04288,Idle
3.4833945320006023,14.04288,Idle
3.485610093000105,14.04288,Idle
3.487820054000622,14.04288,Idle
3.4900346230006107,14.04288,Idle
3.492247271999986,14.04288,Idle
3.494458576999932,14.04288,Idle
3.4975912640002207,14.04288,Idle
3.501662423000198,14.04288,Idle
3.503924740000002,14.04288,Idle
3.5061813279999114,14.04288,Idle
3.50841330700041,14.04288,Idle
3.510630339999807,14.04288,Idle
3.5128733910005394,14.04288,Idle
3.515102522000234,14.04288,Idle
3.5173197149997577,14.04288,Idle
3.5195368120002968,14.04288,Idle
3.5217822960003105,14.04288,Idle
3.524000256999898,14.04288,Idle
3.52621617099976,14.04288,Idle
3.5284561500002383,14.04288,Idle
3.5306854720001866,14.04288,Idle
3.5329018649999853,14.04288,Idle
3.5351217150000593,14.04288,Idle
3.5373611499999242,14.04288,Idle
3.5395774469998287,14.04288,Idle
3.5417949920001774,14.04288,Idle
3.5440269709997665,14.04288,Idle
3.5462527730005604,14.04288,Idle
3.5484692620002534,14.04288,Idle
3.5506837670000095,14.04288,Idle
3.552896703999977,14.04288,Idle
3.5551105049999023,13.89024,Idle
3.557325139000568,13.89024,Idle
3.559540635999838,13.89024,Idle
3.5618643010002415,13.89024,Idle
3.564081430999977,13.89024,Idle
3.566328290000456,13.89024,Idle
3.568555116000425,13.89024,Idle
3.5707708700001604,13.89024,Idle
3.5729850870002338,13.89024,Idle
3.5752017680006247,13.89024,Idle
3.5774331060001714,13.89024,Idle
3.5796465240000543,13.89024,Idle
3.5818624690000433,13.89024,Idle
3.5840746700005184,13.89024,Idle
3.586287863000507,13.89024,Idle
3.5885032000005594,13.89024,Idle
3.5907152090003365,13.89024,Idle
3.5929861020003955,13.89024,Idle
3.59521500900064,13.89024,Idle
3.5974652290005906,13.89024,Idle
3.5996815580001567,13.89024,Idle
3.601894078999976,13.89024,Idle
3.604671347000476,13.89024,Idle
3.6069024930002342,13.89024,Idle
3.609156074000566,13.89024,Idle
3.6113767550004923,13.89024,Idle
3.6135933400000795,13.89024,Idle
3.6158070780002163,13.89024,Idle
3.618025487000523,13.89024,Idle
3.6202380080003422,13.89024,Idle
3.622455617000014,13.89024,Idle
3.6246888440000475,13.89024,Idle
3.6269547130004867,13.89024,Idle
3.629181955000604,13.89024,Idle
3.63139828400017,13.89024,Idle
3.63361128500037,13.89024,Idle
3.635823614000401,13.89024,Idle
3.6380378960002417,13.89024,Idle
3.6402552810004636,13.89024,Idle
3.642490908000582,13.89024,Idle
3.6447090609999577,13.89024,Idle
3.646925261999968,13.89024,Idle
3.6491421360005916,13.89024,Idle
3.651332127000387,13.89024,Idle
3.653551272000186,13.89024,Idle
3.655804597000497,13.89024,Idle
3.6580451520003407,13.89024,Idle
3.6602610649997587,13.89024,Idle
3.662473522000255,13.89024,Idle
3.6646888590003073,13.89024,Idle
3.6669023399999787,13.89024,Idle
3.669116717000179,13.89024,Idle
3.67133087000002,13.7376,Idle
3.6735731540002234,13.7376,Idle
3.6757971639999596,13.7376,Idle
3.6780135569997583,13.7376,Idle
3.6802261100001488,13.7376,Idle
3.682439527000497,13.7376,Idle
3.6846543840001686,13.7376,Idle
3.6869574399997873,13.7376,Idle
3.6892051000004358,13.7376,Idle
3.6914230930005942,13.7376,Idle
3.693638749999991,13.7376,Idle
3.695851367000614,13.7376,Idle
3.698065905000476,13.7376,Idle
3.7002761530002317,13.7376,Idle
3.7024890580005376,13.7376,Idle
3.7047259970004234,13.7376,Idle
3.7069553520004774,13.7376,Idle
3.709172449000107,13.7376,Idle
3.7113854180006456,13.7376,Idle
3.713600402999873,13.7376,Idle
3.715820157000053,13.7376,Idle
3.718072009000025,13.7376,Idle
3.720293330000459,13.7376,Idle
3.7225377579998167,13.7376,Idle
3.7247518470003342,13.7376,Idle
3.7269818730001134,13.7376,Idle
3.729196762000356,13.7376,Idle
3.7314095709998583,13.7376,Idle
3.7336222840003757,13.7376,Idle
3.735840117999942,13.7376,Idle
3.738075039999785,13.7376,Idle
3.7402887460002603,13.7376,Idle
3.742503315000249,13.7376,Idle
3.7447291810003662,13.7376,Idle
3.746974503999809,13.7376,Idle
3.749201682000603,13.7376,Idle
3.7514189080002325,13.7376,Idle
3.7536794640000153,13.7376,Idle
3.755900754000322,13.7376,Idle
3.758115163000184,13.7376,Idle
3.760328452000067,13.7376,Idle
3.7625448449998657,13.7376,Idle
3.764758551000341,13.7376,Idle
3.76697267200052,13.7376,Idle
3.7692247479999423,13.7376,Idle
3.77144856599989,13.7376,Idle
3.773663134999879,13.7376,Idle
3.7758816400000796,13.7376,Idle
3.77812395500041,13.7376,Idle
3.7803398050000396,13.7376,Idle
3.7825537340004303,13.7376,Idle
3.78477540699987,13.7376,Idle
3.787016123000285,13.7376,Idle
3.789232388000528,13.7376,Idle
3.79144519700003,13.7376,Idle
3.793658518000484,13.7376,Idle
3.795869311000388,13.7376,Idle
3.7980824719998054,13.7376,Idle
3.8002997290004714,13.7376,Idle
3.8025327000004836,13.7376,Idle
3.804748677000134,13.7376,Idle
3.8069858400003795,13.7376,Idle
3.8092160579999472,13.7376,Idle
3.811430787000063,13.7376,Idle
3.813651436999862,13.7376,Idle
3.8158634460005487,13.7376,Idle
3.818105856999864,13.7376,Idle
3.820326283000213,13.7376,Idle
3.8225721819999308,13.7376,Idle
3.824800352999773,13.7376,Idle
3.8270207780005876,13.7376,Idle
3.8292376839999633,13.7376,Idle
3.831450493000375,13.7376,Idle
3.8337039449997974,13.7376,Idle
3.835931442999936,13.7376,Idle
3.8381712620002872,13.58496,Idle
3.8404004240001086,13.58496,Idle
3.8426177780002035,13.58496,Idle
3.8448319310000443,13.58496,Idle
3.8470440680002866,13.58496,Idle
3.849300175999815,13.58496,Idle
3.851523129999805,13.58496,Idle
3.853738275000069,13.58496,Idle
3.8559498040003746,13.58496,Idle
3.8581648529998347,13.58496,Idle
3.8603839030001836,13.58496,Idle
3.8625963599997704,13.58496,Idle
3.8648167530000137,13.58496,Idle
3.8670679650003876,13.58496,Idle
3.8693212250000215,13.58496,Idle
3.871535154000412,13.58496,Idle
3.8737498190002952,13.58496,Idle
3.875962148000326,13.58496,Idle
3.8781747650000398,13.58496,Idle
3.880416216999947,13.58496,Idle
3.8826479710005515,13.58496,Idle
3.884871373000351,13.58496,Idle
3.887085622000086,13.58496,Idle
3.8893005110003287,13.58496,Idle
3.8915130960003808,13.590656,Idle
3.8937309940001796,13.590656,Idle
3.895942267000464,13.590656,Idle
3.898249738999766,13.590656,Idle
3.900478325000222,13.590656,Idle
3.9026932140004646,13.590656,Idle
3.904907142999946,13.590656,Idle
3.9071187999998074,13.590656,Idle
3.909329849000642,13.590656,Idle
3.911546113999975,13.590656,Idle
3.9137834049997764,13.590656,Idle
3.915997717999744,13.590656,Idle
3.9182128000002194,13.590656,Idle
3.920427273000314,13.590656,Idle
3.922639121999964,13.590656,Idle
3.924852347000524,13.590656,Idle
3.927068132000386,13.590656,Idle
3.929340690000572,13.590656,Idle
3.931565818999843,13.590656,Idle
3.933781829000509,13.590656,Idle
3.935993390000476,13.590656,Idle
3.9382070310002746,13.590656,Idle
3.940419391999967,13.590656,Idle
3.9426311450006324,13.590656,Idle
3.944857459000559,13.590656,Idle
3.9470836770005917,13.590656,Idle
3.9493007099999886,13.590656,Idle
3.951513103000252,13.590656,Idle
3.953737433000242,13.590656,Idle
3.955950018000294,13.590656,Idle
3.958195789000456,13.590656,Idle
3.960449850000259,13.590656,Idle
3.9626905330005684,13.590656,Idle
3.9649080780000077,13.590656,Idle
3.967122711000229,13.590656,Idle
3.9693363840005986,13.590656,Idle
3.971546825000587,13.590656,Idle
3.973759090000385,13.590656,Idle
3.975976348000586,13.590656,Idle
3.978211654000006,13.590656,Idle
3.9804301920003127,13.590656,Idle
3.9826439610005764,13.590656,Idle
3.9848571860002266,13.590656,Idle
3.9870754350004063,13.590656,Idle
3.9893156380003347,13.590656,Idle
3.99152956800026,13.590656,Idle
3.993768682999871,13.590656,Idle
3.9959896520003895,13.590656,Idle
3.998206334000315,13.590656,Idle
4.0004194310004095,13.590656,Idle
4.00298650700006,13.590656,Idle
4.005239287000222,13.590656,Idle
4.007457376000275,13.590656,Idle
4.009691115000351,13.590656,Idle
4.01191141199979,13.590656,Idle
4.014128734000224,13.590656,Idle
4.016340838999895,13.590656,Idle
4.018651671000043,13.590656,Idle
4.020880161000605,13.590656,Idle
4.023095499000192,13.590656,Idle
4.025338166000438,13.590656,Idle
4.027561247999984,13.590656,Idle
4.0297769690005225,13.590656,Idle
4.031989170000088,13.590656,Idle
4.034206842999993,13.590656,Idle
4.036421956000595,13.590656,Idle
4.038635374000478,13.590656,Idle
4.040854967000087,13.590656,Idle
4.043088066000564,13.590656,Idle
4.0453050670002995,13.590656,Idle
4.047523891999845,13.590656,Idle
4.049764832000619,13.590656,Idle
4.0519812570000795,13.590656,Idle
4.054197714000111,13.590656,Idle
4.0564165400001,13.590656,Idle
4.058651461999943,13.590656,Idle
4.0608690720000595,13.590656,Idle
4.063082585000302,13.590656,Idle
4.065295458000037,13.590656,Idle
4.067506987000343,13.590656,Idle
4.069719732000522,13.590656,Idle
4.071929884999918,13.590656,Idle
4.074169448000248,13.590656,Idle
4.076405585999964,13.590656,Idle
4.078653565999957,13.590656,Idle
4.080882696000117,13.590656,Idle
4.083098258000064,13.590656,Idle
4.085311739000645,13.590656,Idle
4.087524900000062,13.590656,Idle
4.089763599000435,13.590656,Idle
4.0919865530004245,13.590656,Idle
4.094211939000161,13.590656,Idle
4.096443757000088,13.590656,Idle
4.101175126000271,13.590656,Idle
4.10347818199989,13.590656,Idle
4.105728370000179,13.590656,Idle
4.107967996999832,13.590656,Idle
4.110216969000248,13.590656,Idle
4.112435858000026,13.590656,Idle
4.114654236000206,13.590656,Idle
4.1168681650005965,13.590656,Idle
4.1190795980000985,13.590656,Idle
4.121316921000471,13.590656,Idle
4.123542787000588,13.590656,Idle
4.125758476000556,13.590656,Idle
4.127975573000185,13.590656,Idle
4.130210559999796,13.590656,Idle
4.132426312999996,13.590656,Idle
4.134639089999837,13.590656,Idle
4.136857884000165,13.590656,Idle
4.139173964999827,13.590656,Idle
4.1414037029999236,13.590656,Idle
4.143618271999912,13.590656,Idle
4.145833929000219,13.437952,Idle
4.148047026000313,13.437952,Idle
4.150259099000323,13.437952,Idle
4.152477221000481,13.437952,Idle
4.154711887999838,13.437952,Idle
4.156938810000611,13.437952,Idle
4.159152483000071,13.437952,Idle
4.161365068000123,13.437952,Idle
4.16357640500064,13.437952,Idle
4.165788670000438,13.437952,Idle
4.168015496000407,13.437952,Idle
4.170275956000296,13.437952,Idle
4.172499774000244,13.437952,Idle
4.174715334999746,13.437952,Idle
4.176941200999863,13.437952,Idle
4.179154395000296,13.437952,Idle
4.181373956000243,13.437952,Idle
4.183587532999809,13.437952,Idle
4.185821879999821,13.437952,Idle
4.18804595399979,13.437952,Idle
4.190261387000646,13.437952,Idle
4.192475220000233,13.437952,Idle
4.194685788999777,13.437952,Idle
4.196897734000231,13.437952,Idle
4.199161555000501,13.437952,Idle
4.201394876999984,13.437952,Idle
4.203637481000442,13.437952,Idle
4.205854194000494,13.437952,Idle
4.208066330999827,13.437952,Idle
4.210278980000112,13.437952,Idle
4.212492589000249,13.437952,Idle
4.214703798000301,13.437952,Idle
4.216921983000248,13.437952,Idle
4.219157833999816,13.437952,Idle
4.2213818119998905,13.437952,Idle
4.223620095000115,13.437952,Idle
4.225837288000548,13.437952,Idle
4.228055890000178,13.437952,Idle
4.230299292999916,13.437952,Idle
4.232516678000138,13.437952,Idle
4.234755025000595,13.437952,Idle
4.236990395999783,13.437952,Idle
4.239205797000068,13.437952,Idle
4.241420014000141,13.437952,Idle
4.243631639000341,13.437952,Idle
4.245845567999822,13.437952,Idle
4.248056937000001,13.437952,Idle
4.250293619999866,13.437952,Idle
4.2525229100001525,13.437952,Idle
4.254737736000607,13.437952,Idle
4.256953009000426,13.437952,Idle
4.259191868000016,13.437952,Idle
4.2614209660005145,13.437952,Idle
4.263633839000249,13.437952,Idle
4.265881563000221,13.437952,Idle
4.26812566999979,13.437952,Idle
4.2703448480006045,13.437952,Idle
4.272559289000128,13.437952,Idle
4.274771074000455,13.437952,Idle
4.276983403000486,13.437952,Idle
4.279196788000263,13.437952,Idle
4.281414652999956,13.437952,Idle
4.283648968000307,13.437952,Idle
4.28586660900055,13.437952,Idle
4.288078522000433,13.437952,Idle
4.29032135000034,13.437952,Idle
4.292547408000246,13.437952,Idle
4.294762104999791,13.437952,Idle
4.2969804499998645,13.437952,Idle
4.2992180609999195,13.437952,Idle
4.3015918740002235,13.437952,H2D_Transfer
4.3043291390004015,13.437952,H2D_Transfer
4.307096614999864,13.437952,H2D_Transfer
4.310385601999769,13.437952,H2D_Transfer
4.31846269900052,13.590656,H2D_Transfer
4.321938451999813,13.590656,H2D_Transfer
4.32455698800004,13.590656,H2D_Transfer
4.327109374999964,13.590656,H2D_Transfer
4.333092392000253,13.590656,H2D_Transfer
4.335602568000468,13.590656,H2D_Transfer
4.338250322000022,13.590656,H2D_Transfer
4.340787668000303,13.590656,H2D_Transfer
4.343127079000624,13.590656,H2D_Transfer
4.3455188779998934,13.590656,H2D_Transfer
4.34784238300017,13.590656,H2D_Transfer
4.350306923000062,13.590656,H2D_Transfer
4.352630909000254,13.590656,H2D_Transfer
4.354995697000049,13.590656,H2D_Transfer
4.3573209309997765,13.590656,H2D_Transfer
4.35964610100018,13.590656,H2D_Transfer
4.362039563000508,13.58496,H2D_Transfer
4.364360413000213,13.58496,H2D_Transfer
4.366681582000638,13.58496,H2D_Transfer
4.369014175999837,13.58496,H2D_Transfer
4.371345682000538,13.58496,H2D_Transfer
4.3736700839999685,13.7376,H2D_Transfer
4.375996149000457,13.7376,H2D_Transfer
4.378326119000121,13.7376,H2D_Transfer
4.380664473999786,13.7376,H2D_Transfer
4.382990252000127,13.7376,H2D_Transfer
4.385309629000403,13.7376,H2D_Transfer
4.387627662000341,13.7376,H2D_Transfer
4.389993187000073,13.7376,H2D_Transfer
4.3923097160004545,13.7376,H2D_Transfer
4.394639396999992,13.7376,H2D_Transfer
4.396981464000419,13.7376,H2D_Transfer
4.399359021999771,13.7376,H2D_Transfer
4.40168819200062,13.7376,H2D_Transfer
4.404004625000198,13.7376,H2D_Transfer
4.406361637000373,13.7376,H2D_Transfer
4.408699127000546,13.7376,H2D_Transfer
4.411023081000167,13.7376,H2D_Transfer
4.413354938999873,13.7376,H2D_Transfer
4.415708942000492,13.7376,H2D_Transfer
4.418059170000561,13.7376,H2D_Transfer
4.420435031000125,13.7376,H2D_Transfer
4.422747366999829,13.7376,H2D_Transfer
4.425057368000125,13.7376,H2D_Transfer
4.427416235999772,13.7376,H2D_Transfer
4.429748221999944,13.7376,H2D_Transfer
4.432112145999781,13.7376,H2D_Transfer
4.4344337630000155,13.7376,H2D_Transfer
4.436763573000462,13.7376,H2D_Transfer
4.439079013000082,13.7376,H2D_Transfer
4.441431353000553,13.7376,H2D_Transfer
4.443795821000094,13.7376,H2D_Transfer
4.446118879000096,13.7376,H2D_Transfer
4.448495636000189,13.7376,H2D_Transfer
4.450885866000135,13.89024,H2D_Transfer
4.453221499999927,13.89024,GPU_Compute
4.455735964000269,13.89024,GPU_Compute
4.458363941000243,13.89024,GPU_Compute
4.4607245690003765,13.89024,GPU_Compute
4.463235832000464,13.89024,GPU_Compute
4.46570379700006,13.89024,GPU_Compute
4.468010053000398,13.89024,GPU_Compute
4.470480801000122,13.89024,GPU_Compute
4.472802770000271,13.89024,GPU_Compute
4.475050814000497,13.89024,GPU_Compute
4.477365198000371,13.89024,GPU_Compute
4.479743779999808,13.89024,GPU_Compute
4.48203605100025,13.89024,GPU_Compute
4.484421193000344,13.89024,GPU_Compute
4.486787197000012,13.89024,GPU_Compute
4.489142417000039,13.89024,GPU_Compute
4.491568106000159,13.89024,GPU_Compute
4.493978018000234,13.89024,GPU_Compute
4.496285201999854,13.89024,GPU_Compute
4.498637669000345,14.04288,GPU_Compute
4.500949046000642,14.04288,GPU_Compute
4.503258182000536,14.04288,GPU_Compute
4.5057814780002445,14.04288,GPU_Compute
4.508283492999908,14.04288,GPU_Compute
4.510558099000264,14.04288,GPU_Compute
4.512854082000558,14.04288,GPU_Compute
4.51516830699984,14.04288,GPU_Compute
4.5174592970006415,14.04288,GPU_Compute
4.5198682489999555,14.04288,GPU_Compute
4.522141159000057,14.04288,GPU_Compute
4.524451383000269,14.04288,GPU_Compute
4.526877168000283,14.04288,GPU_Compute
4.52918476800005,14.04288,GPU_Compute
4.5314782229997945,14.04288,GPU_Compute
4.5337802869998995,14.04288,GPU_Compute
4.53603668300002,14.04288,GPU_Compute
4.538344379000591,14.04288,GPU_Compute
4.540984164000292,14.04288,GPU_Compute
4.543328791000022,14.04288,GPU_Compute
4.545620933999999,14.04288,GPU_Compute
4.547993531000429,14.04288,GPU_Compute
4.550271305000024,14.04288,GPU_Compute
4.552621020000515,14.19552,GPU_Compute
4.555089880000196,14.19552,GPU_Compute
4.557386184000279,14.19552,GPU_Compute
4.559718489999796,14.19552,GPU_Compute
4.562539217000449,14.189568,GPU_Compute
4.564825790999748,14.189568,GPU_Compute
4.567126959000234,14.189568,GPU_Compute
4.569676977000199,14.189568,GPU_Compute
4.571964415999901,14.189568,GPU_Compute
4.574267599999985,14.189568,GPU_Compute
4.576787791999777,14.189568,GPU_Compute
4.579091392000009,14.189568,GPU_Compute
4.581450419999783,14.189568,GPU_Compute
4.584157442000105,14.189568,GPU_Compute
4.586441360000208,14.189568,GPU_Compute
4.588741472000038,14.189568,GPU_Compute
4.591197466999802,14.189568,GPU_Compute
4.5935098999998445,14.189568,GPU_Compute
4.595768728000621,14.189568,GPU_Compute
4.598206161999769,14.189568,GPU_Compute
4.600462718000017,14.189568,GPU_Compute
4.602723947000413,14.189568,GPU_Compute
4.605076830000144,14.189568,GPU_Compute
4.60733668300054,14.342144,GPU_Compute
4.609686270000566,14.342144,GPU_Compute
4.612044082000466,14.342144,GPU_Compute
4.614291773000332,14.342144,GPU_Compute
4.616584780000267,14.342144,GPU_Compute
4.61893110300025,14.342144,GPU_Compute
4.6213027080002576,14.342144,GPU_Compute
4.623693866999929,14.342144,GPU_Compute
4.626073311999789,14.342144,GPU_Compute
4.628356302000611,14.342144,GPU_Compute
4.630887791000532,14.342144,GPU_Compute
4.633309480000207,14.342144,GPU_Compute
4.635693822000576,14.342144,GPU_Compute
4.638033905000157,14.342144,GPU_Compute
4.640290428999833,14.342144,GPU_Compute
4.642569610999999,14.342144,GPU_Compute
4.645008165000036,14.342144,GPU_Compute
4.647255247999965,14.342144,GPU_Compute
4.649603747000583,14.342144,GPU_Compute
4.651924532000521,14.342144,GPU_Compute
4.654281416000231,14.342144,D2H_Transfer
4.6566799669999455,14.342144,D2H_Transfer
4.658958637000069,14.342144,D2H_Transfer
4.661246524000489,14.342144,D2H_Transfer
4.663540874999853,14.342144,D2H_Transfer
4.665930496999863,14.342144,D2H_Transfer
4.669261471000027,14.342144,D2H_Transfer
4.671562031000576,14.342144,D2H_Transfer
4.673801914000251,14.342144,D2H_Transfer
4.6760166430003665,14.342144,D2H_Transfer
4.67823201200008,14.342144,D2H_Transfer
4.680453621000197,14.342144,D2H_Transfer
4.682673758000419,14.342144,D2H_Transfer
4.684903241000029,14.342144,D2H_Transfer
4.687140658999851,14.342144,D2H_Transfer
4.689362140999947,14.342144,D2H_Transfer
4.691578246000063,14.342144,D2H_Transfer
4.693790703000559,14.342144,D2H_Transfer
4.696096927000326,14.342144,D2H_Transfer
4.6983958219998385,14.342144,D2H_Transfer
4.700732672000413,14.342144,D2H_Transfer
4.7033336710001095,14.342144,D2H_Transfer
4.705765376000272,14.342144,D2H_Transfer
4.708145686000535,14.342144,D2H_Transfer
4.710448742000153,14.342144,D2H_Transfer
4.712824762999844,14.342144,D2H_Transfer
4.715247348000048,14.342144,D2H_Transfer
4.7176023430001806,14.342144,D2H_Transfer
4.719892694000009,14.342144,D2H_Transfer
4.722257258000354,14.342144,D2H_Transfer
4.724633247999918,14.342144,D2H_Transfer
4.726948368000194,14.342144,D2H_Transfer
4.729295171000558,14.342144,D2H_Transfer
4.731648279000183,14.342144,D2H_Transfer
4.733952999000394,14.342144,D2H_Transfer
4.73627740000029,14.342144,D2H_Transfer
4.73857613600012,14.342144,D2H_Transfer
4.740947740000593,14.342144,D2H_Transfer
4.743249580000338,14.342144,D2H_Transfer
4.745587422000426,14.342144,D2H_Transfer
4.74787994899998,14.342144,D2H_Transfer
4.750182909000614,14.342144,D2H_Transfer
4.752728575000219,14.342144,D2H_Transfer
4.755032271000346,14.342144,D2H_Transfer
4.757395171000098,14.342144,D2H_Transfer
4.75969646700014,14.342144,D2H_Transfer
4.76200390699978,14.342144,D2H_Transfer
4.7642980979999265,14.342144,D2H_Transfer
4.766612675000033,14.342144,D2H_Transfer
4.768906385999799,14.342144,D2H_Transfer
4.771209952999925,14.342144,D2H_Transfer
4.773502832000304,14.342144,D2H_Transfer
4.7758032319998165,14.342144,D2H_Transfer
4.778096175000428,14.342144,D2H_Transfer
4.7804121270000905,14.342144,D2H_Transfer
4.782711470999857,14.342144,D2H_Transfer
4.785002110000278,14.342144,D2H_Transfer
4.787293964000128,14.342144,D2H_Transfer
4.789609405000192,14.342144,D2H_Transfer
4.791898475999915,14.342144,D2H_Transfer
4.79418748199987,14.342144,D2H_Transfer
4.796534668999811,14.342144,D2H_Transfer
4.798863519000406,14.342144,D2H_Transfer
4.801162255000236,14.342144,D2H_Transfer
4.804219608000494,14.342144,D2H_Transfer
4.806531879999966,14.342144,Idle
4.808795541000109,14.342144,Idle
4.811025279000205,14.342144,Idle
4.813252713000111,14.342144,Idle
4.81550130100004,14.342144,Idle
4.817723006000051,14.342144,Idle
4.819935655000336,14.342144,Idle
4.822150832000261,14.342144,Idle
4.82436242499989,14.342144,Idle
4.826577666000048,14.342144,Idle
4.828795434999847,14.342144,Idle
4.83102782900005,14.342144,Idle
4.833253630999934,14.342144,Idle
4.835506954999801,14.342144,Idle
4.837724852000065,14.342144,Idle
4.839937789000032,14.342144,Idle
4.842159270000593,14.342144,Idle
4.844418835000397,14.342144,Idle
4.846661821999987,14.342144,Idle
4.848893479999788,14.189568,Idle
4.851144276000014,14.189568,Idle
4.853363324999918,14.189568,Idle
4.855586343000141,14.189568,Idle
4.857802192000236,14.189568,Idle
4.860012857000584,14.189568,Idle
4.862247906999983,14.189568,Idle
4.864484462000291,14.189568,Idle
4.866728345000411,14.189568,Idle
4.8689548829997875,14.189568,Idle
4.8711698679999245,14.189568,Idle
4.873384180999892,14.189568,Idle
4.875599166000029,14.189568,Idle
4.877866187000109,14.189568,Idle
4.880112022000503,14.189568,Idle
4.882329150999794,14.189568,Idle
4.884544616000312,14.189568,Idle
4.886758513000132,14.189568,Idle
4.888970810000501,14.189568,Idle
4.891183843000363,14.189568,Idle
4.893401836000521,14.189568,Idle
4.8956599600005575,14.189568,Idle
4.897891843000252,14.189568,Idle
4.9001067640001565,14.189568,Idle
4.902321557000505,14.189568,Idle
4.904537053999775,14.189568,Idle
4.906751622999764,14.189568,Idle
4.908975504000409,14.189568,Idle
4.911216987000444,14.189568,Idle
4.913432131999798,14.189568,Idle
4.91564542100059,14.189568,Idle
4.917858517999775,14.189568,Idle
4.92006828600006,14.189568,Idle
4.922286856000028,14.189568,Idle
4.9245486280005935,14.189568,Idle
4.926810560999911,14.036992,Idle
4.9290391790000285,14.036992,Idle
4.931254484000419,14.036992,Idle
4.9334784940001555,14.036992,Idle
4.935718057000486,14.036992,Idle
4.937972180000543,14.036992,Idle
4.940209663000132,14.036992,Idle
4.942469996,14.036992,Idle
4.94469912600016,14.036992,Idle
4.946918175000064,14.036992,Idle
4.949132583999926,14.036992,Idle
4.951330832000167,14.036992,Idle
4.953544985000008,14.036992,Idle
4.955845192000197,14.036992,Idle
4.9580838589999985,14.036992,Idle
4.960367872999996,14.036992,Idle
4.962594155000261,14.036992,Idle
4.964810516000398,14.036992,Idle
4.9670247969997945,14.036992,Idle
4.969241222000164,14.036992,Idle
4.971451567000258,14.036992,Idle
4.973669720000544,14.036992,Idle
4.9759040979997735,14.036992,Idle
4.978122796000207,14.036992,Idle
4.980344245000197,14.036992,Idle
4.982590465000612,14.036992,Idle
4.984886096000082,14.036992,Idle
4.987132731000202,14.036992,Idle
4.989354821000234,14.036992,Idle
4.991595696000331,14.04288,Idle
4.993813945000511,14.04288,Idle
4.996036675000141,14.04288,Idle
4.998252460000003,14.04288,Idle
5.00046811700031,14.04288,Idle
5.002684158000193,14.04288,Idle
5.004898183000478,14.04288,Idle
5.007134641000448,14.04288,Idle
5.009360763000586,14.04288,Idle
5.011572676000469,14.04288,Idle
5.013786765000077,14.04288,Idle
5.016146497000591,14.04288,Idle
5.018399501000204,14.04288,Idle
5.020622582000215,13.89024,Idle
5.02286019300027,13.89024,Idle
5.025151696000648,13.89024,Idle
5.0273295900005905,13.89024,Idle
5.029545727000368,13.89024,Idle
5.0317580880000605,13.89024,Idle
5.033973264999986,13.89024,Idle
5.036185337999996,13.89024,Idle
5.038402979000239,13.89024,Idle
5.040632717000335,13.89024,Idle
5.042852502000642,13.89024,Idle
5.045185576000222,13.89024,Idle
5.04742933200032,13.89024,Idle
5.049655997000627,13.89024,Idle
5.051870246000362,13.89024,Idle
5.054088624000542,13.89024,Idle
5.056319002000237,13.89024,Idle
5.0585589809998055,13.89024,Idle
5.060773037999752,13.89024,Idle
5.062985078000565,13.89024,Idle
5.065201471000364,13.89024,Idle
5.067689629000597,13.89024,Idle
5.0699365210002725,13.89024,Idle
5.072174259000349,13.89024,Idle
5.074390749000486,13.89024,Idle
5.076610406000327,13.89024,Idle
5.078856273000383,13.89024,Idle
5.081074266000542,13.89024,Idle
5.083288419000382,13.89024,Idle
5.085512941000161,13.89024,Idle
5.087746680000237,13.89024,Idle
5.089971297000375,13.89024,Idle
5.092186249999941,13.89024,Idle
5.094425076999869,13.89024,Idle
5.096657087000494,13.89024,Idle
5.098872936000589,13.89024,Idle
5.101087216999986,13.89024,Idle
5.103332093000063,13.89024,Idle
5.105558695000582,13.89024,Idle
5.107796401000087,13.89024,Idle
5.110026330999972,13.89024,Idle
5.112240995999855,13.89024,Idle
5.115570498000125,13.89024,Idle
5.117776715000218,13.89024,Idle
5.120013556999766,13.89024,Idle
5.122231678999924,13.89024,Idle
5.124446120000357,13.89024,Idle
5.1266590880004514,13.89024,Idle
5.128891995000231,13.89024,Idle
5.133741421000195,13.89024,Idle
5.136062493999816,13.89024,Idle
5.138389966999966,13.89024,Idle
5.140636027000255,13.89024,Idle
5.142854468000223,13.89024,Idle
5.145073677000255,13.89024,Idle
5.147291094000138,13.7376,Idle
5.149569508000241,13.7376,Idle
5.151803951000147,13.7376,Idle
5.154028343999926,13.7376,Idle
5.156246530000317,13.7376,Idle
5.158488301000034,13.7376,Idle
5.160708118000002,13.7376,Idle
5.1629228150004565,13.7376,Idle
5.16513885600034,13.7376,Idle
5.16739134799991,13.7376,Idle
5.169640480000453,13.7376,Idle
5.171856648999892,13.7376,Idle
5.1740708980005365,13.7376,Idle
5.176283194000462,13.7376,Idle
5.178494307000619,13.7376,Idle
5.180707756000629,13.7376,Idle
5.18292603700047,13.7376,Idle
5.1851595520001865,13.7376,Idle
5.187374089000514,13.7376,Idle
5.189590097999826,13.7376,Idle
5.191803003000132,13.7376,Idle
5.1940241960001,13.7376,Idle
5.1962431809997724,13.7376,Idle
5.198544349000258,13.7376,Idle
5.201213768000343,13.7376,Idle
5.203500055000404,13.7376,Idle
5.206316845999936,13.7376,Idle
5.2085555450003085,13.7376,Idle
5.211496824999813,13.7376,Idle
5.213748164999743,13.7376,Idle
5.215991760000179,13.7376,Idle
5.218220026000381,13.7376,Idle
5.220437955000307,13.7376,Idle
5.222651275999851,13.7376,Idle
5.224864501000411,13.7376,Idle
5.227076606000082,13.7376,Idle
5.229333002000203,13.7376,Idle
5.231578453000111,13.7376,Idle
5.233807614999932,13.7376,Idle
5.236021767999773,13.7376,Idle
5.238237489000312,13.7376,Idle
5.246331995000219,13.7376,Idle
5.249367714000073,13.7376,Idle
5.251672465999945,13.7376,Idle
5.253915133000191,13.7376,Idle
5.256134471000223,13.7376,Idle
5.258357040000192,13.7376,Idle
5.260604795999825,13.7376,Idle
5.262846471000557,13.7376,Idle
5.265079376999893,13.7376,Idle
5.267296697999882,13.7376,Idle
5.2695255720000205,13.7376,Idle
5.271738604999882,13.7376,Idle
5.2739615270002105,13.7376,Idle
5.276182112000242,13.7376,Idle
5.278401514000507,13.7376,Idle
5.28064008399997,13.7376,Idle
5.282854301000043,13.7376,Idle
5.285067622000497,13.7376,Idle
5.287280174999978,13.7376,Idle
5.2896248340002785,13.7376,Idle
5.291855020000185,13.7376,Idle
5.294079606000196,13.7376,Idle
5.297942588000296,13.7376,Idle
5.30050128000039,13.7376,Idle
5.302769933000491,13.7376,Idle
5.304995991000396,13.7376,Idle
5.307213248000153,13.7376,Idle
5.309430152999994,13.7376,Idle
5.3137212000001455,13.7376,Idle
5.315992446000564,13.7376,Idle
5.3187499040004695,13.7376,Idle
5.321009467999829,13.7376,Idle
5.323231366000073,13.7376,Idle
5.325451311000506,13.7376,Idle
5.327690361999885,13.7376,Idle
5.329921315999854,13.7376,Idle
5.332134701000541,13.7376,Idle
5.33504586700019,13.7376,Idle
5.337308856000163,13.7376,Idle
5.339537505999942,13.7376,Idle
5.341785741000422,13.7376,Idle
5.34404380199976,13.7376,Idle
5.346270019999793,13.7376,Idle
5.348503277999953,13.7376,Idle
5.350756026000454,13.7376,Idle
5.352982596000402,13.7376,Idle
5.355197740999756,13.7376,Idle
5.3574143579999145,13.7376,Idle
5.359642559999884,13.7376,Idle
5.361867401999916,13.7376,Idle
5.364097140000013,13.7376,Idle
5.366360160000113,13.7376,Idle
5.3685858019998705,13.58496,Idle
5.3708008190005785,13.58496,Idle
5.37302242900023,13.58496,Idle
5.375276393000604,13.58496,Idle
5.377530325000407,13.58496,Idle
5.3797480620005445,13.58496,Idle
5.381991529000516,13.58496,Idle
5.384208305999891,13.58496,Idle
5.386423451000155,13.58496,Idle
5.388636452000355,13.58496,Idle
5.390853165000408,13.58496,Idle
5.3930813030001445,13.58496,Idle
5.395294848000049,13.58496,Idle
5.397523594000631,13.58496,Idle
5.399734579000324,13.58496,Idle
5.4019508119999955,13.58496,Idle
5.404199974999756,13.58496,Idle
5.4134464730004765,13.58496,Idle
5.415757561000646,13.58496,Idle
5.417989219000447,13.58496,Idle
5.420429437000166,13.58496,Idle
5.422715530999994,13.58496,Idle
5.424975191000158,13.58496,Idle
5.427768844000639,13.58496,Idle
5.4299998940005025,13.58496,Idle
5.432216095000513,13.58496,Idle
5.43443587999991,13.58496,Idle
5.436651056999835,13.58496,Idle
5.438864921999993,13.58496,Idle
5.441104452000218,13.58496,Idle
5.443331598000441,13.58496,Idle
5.451409654000599,13.58496,Idle
5.455870634000348,13.58496,Idle
5.4581358940004066,13.58496,Idle
5.460394819000612,13.58496,Idle
5.462626348999947,13.58496,Idle
5.464849558000424,13.58496,Idle
5.467295215999911,13.58496,Idle
5.469559453000329,13.58496,Idle
5.471817609000027,13.58496,Idle
5.4740595080002095,13.58496,Idle
5.477378673000203,13.58496,Idle
5.479676320000181,13.58496,Idle
5.481900200999917,13.58496,Idle
5.484114513999884,13.58496,Idle
5.486329403000127,13.58496,Idle
5.488549507999778,13.58496,Idle
5.491496645000552,13.58496,Idle
5.493843768000261,13.58496,Idle
5.4961039079998955,13.58496,Idle
5.49832890900052,13.58496,Idle
5.5005481190000864,13.58496,Idle
5.502797346000079,13.58496,Idle
5.505052397999862,13.58496,Idle
5.507288056000107,13.58496,Idle
5.509513538000647,13.58496,Idle
5.511727275000339,13.58496,Idle
5.513944467999863,13.58496,Idle
5.516156284000317,13.58496,Idle
5.518369317000179,13.58496,Idle
5.520590990000528,13.58496,Idle
5.522841785999844,13.58496,Idle
5.525057826000193,13.58496,Idle
5.5282192829999985,13.58496,Idle
5.530468287000076,13.58496,Idle
5.532738859999881,13.58496,Idle
5.53496933400038,13.58496,Idle
5.537207584000498,13.58496,Idle
5.539434985999833,13.58496,Idle
5.541651411000203,13.58496,Idle
5.543861339000614,13.58496,Idle
5.546073731999968,13.58496,Idle
5.548284333000083,13.58496,Idle
5.55049688500003,13.58496,Idle
5.552720190999935,13.58496,Idle
5.5549535770005605,13.58496,Idle
5.557194003999939,13.58496,Idle
5.559419068999887,13.58496,Idle
5.561638598000172,13.58496,Idle
5.565974097000435,13.58496,Idle
5.5682805440001175,13.58496,Idle
5.5705321720006395,13.58496,Idle
5.572837499999878,13.58496,Idle
5.575072581999848,13.58496,Idle
5.5772947670002395,13.58496,Idle
5.579509111999869,13.58496,Idle
5.581725441000344,13.58496,Idle
5.583934473000227,13.58496,Idle
5.58617205200062,13.58496,Idle
5.588408126000104,13.58496,Idle
5.590622118999818,13.58496,Idle
5.592842928000209,13.58496,Idle
5.595087131000582,13.58496,Idle
5.597310277000361,13.58496,Idle
5.599521580999863,13.58496,Idle
5.601772697000342,13.58496,Idle
5.603999042999931,13.58496,Idle
5.606678767000631,13.58496,Idle
5.608916217000115,13.58496,Idle
5.611133313999744,13.58496,Idle
5.613365612000052,13.58496,Idle
5.615597781999895,13.58496,Idle
5.617837569000585,13.58496,Idle
5.6200615150000885,13.58496,Idle
5.622282932000417,13.58496,Idle
5.624528991000261,13.58496,Idle
5.626744967999912,13.58496,Idle
5.6289585770000485,13.58496,Idle
5.631170808999741,13.58496,Idle
5.633386145999793,13.58496,Idle
5.635621452000123,13.58496,Idle
5.637837076999858,13.58496,Idle
5.640048222000587,13.58496,Idle
5.642307850000179,13.58496,Idle
5.644532788000106,13.58496,Idle
5.6467448920002425,13.58496,Idle
5.64935667500049,13.58496,Idle
5.651616654999998,13.58496,Idle
5.653864059000625,13.58496,Idle
5.656144296000093,13.58496,Idle
5.658632390000093,13.58496,Idle
5.660868464000487,13.58496,Idle
5.663084409000476,13.58496,Idle
5.6653006420001475,13.58496,Idle
5.667523724000603,13.58496,Idle
5.673810187000527,13.58496,Idle
5.676116987000569,13.58496,Idle
5.678349476999756,13.58496,Idle
5.680569965999894,13.58496,Idle
5.682819225000458,13.58496,Idle
5.685068357000091,13.58496,Idle
5.68728865400044,13.58496,Idle
5.68952866500058,13.58496,Idle
5.69174896200002,13.58496,Idle
5.693963947000157,13.58496,Idle
5.696182548000252,13.58496,Idle
5.698416318000454,13.58496,Idle
5.700638023000465,13.58496,Idle
5.702853232000052,13.58496,Idle
5.705067128999872,13.58496,Idle
5.70727948900003,13.58496,Idle
5.709505835000527,13.58496,Idle
5.711714707000283,13.58496,Idle
5.713953342000423,13.58496,Idle
5.716180903999884,13.58496,Idle
5.718397329000254,13.58496,Idle
5.720611577000454,13.58496,Idle
5.722823521999999,13.43232,Idle
5.725035786999797,13.43232,Idle
5.7272469310000815,13.43232,Idle
5.72946217200024,13.43232,Idle
5.733285342999807,13.43232,Idle
5.735571438000079,13.43232,Idle
5.737799958999858,13.43232,Idle
5.740016415999889,13.43232,Idle
5.742234153000027,13.43232,Idle
5.744546618000641,13.43232,Idle
5.746797476999745,13.43232,Idle
5.749023759000011,13.43232,Idle
5.751240759999746,13.43232,Idle
5.753460929000539,13.43232,Idle
5.755706380000447,13.43232,Idle
5.757924149000246,13.437952,Idle
5.760136253999917,13.437952,Idle
5.762369447999845,13.437952,Idle
5.764593937000427,13.437952,Idle
5.76680700199995,13.437952,Idle
5.76902022700051,13.437952,Idle
5.771230955000647,13.437952,Idle
5.773447700000361,13.437952,Idle
5.775687743000162,13.437952,Idle
5.777912168000512,13.437952,Idle
5.7801643720003995,13.437952,Idle
5.782389982000495,13.437952,Idle
5.7882129529998565,13.437952,Idle
5.790556460000516,13.437952,Idle
5.7928014310000435,13.437952,Idle
5.7950463380002475,13.437952,Idle
5.797277516000577,13.437952,Idle
5.799493237000206,13.437952,Idle
5.8017181109999,13.437952,Idle
5.803934022999783,13.437952,Idle
